name,position,team,xP,assists,bonus,bps,clean_sheets,creativity,element,fixture,goals_conceded,goals_scored,ict_index,influence,kickoff_time,minutes,opponent_team,own_goals,penalties_missed,penalties_saved,red_cards,round,saves,selected,team_a_score,team_h_score,threat,total_points,transfers_balance,transfers_in,transfers_out,value,was_home,yellow_cards
Ibrahima Diallo,MID,Southampton,1.3,0,0,7,0,3.9,565,183,1,0,1.3,9.2,2021-01-16T20:00:00Z,86,9,0,0,0,0,19,0,2548,0,2,0.0,1,163,402,239,45,False,1
Felipe Anderson Pereira Gomes,MID,West Ham,0.0,0,0,0,0,0.0,440,175,0,0,0.0,0.0,2021-01-19T18:00:00Z,0,18,0,0,0,0,19,0,9398,1,2,0.0,0,-24,4,28,61,True,0
Raheem Sterling,MID,Man City,10.4,0,0,3,1,24.2,276,380,0,0,7.1,2.4,2021-01-20T18:00:00Z,71,2,0,0,0,0,19,0,336494,0,2,44.0,3,-8383,33191,41574,114,True,0
Aaron Connolly,FWD,Brighton,0.0,0,0,0,0,0.0,78,182,0,0,0.0,0.0,2021-01-16T15:00:00Z,0,10,0,0,0,0,19,0,25125,1,0,0.0,0,-1502,135,1637,52,False,0
Oliver Norwood,MID,Sheffield Utd,0.9,0,0,10,0,37.8,349,186,3,0,6.1,15.2,2021-01-17T14:00:00Z,66,17,0,0,0,0,19,0,11373,3,1,8.0,1,-294,221,515,46,True,1
Lee Peltier,DEF,West Brom,-1.0,0,0,0,0,0.0,600,175,0,0,0.0,0.0,2021-01-19T18:00:00Z,0,19,0,0,0,0,19,0,5514,1,2,0.0,0,112,449,337,40,False,0
Daniel Langley,GK,Newcastle,-0.5,0,0,0,0,0.0,606,99,0,0,0.0,0.0,2021-01-23T20:00:00Z,0,2,0,0,0,0,19,0,6285,0,2,0.0,0,370,1050,680,40,False,0
Wilfried Zaha,MID,Crystal Palace,1.8,0,0,0,0,0.0,141,185,0,0,0.0,0.0,2021-01-17T19:15:00Z,0,12,0,0,0,0,19,0,1313208,0,4,0.0,0,-264972,16420,281392,73,False,0
Bailey Peacock-Farrell,GK,Burnley,-1.5,0,0,0,0,0.0,99,177,0,0,0.0,0.0,2021-01-21T20:00:00Z,0,11,0,0,0,0,19,0,111735,1,0,0.0,0,-6588,677,7265,40,False,0
Ryan Fraser,MID,Newcastle,0.0,0,0,3,0,0.9,507,99,0,0,2.0,0.8,2021-01-23T20:00:00Z,19,2,0,0,0,0,19,0,12858,0,2,18.0,1,-321,10,331,56,False,0
Anthony Driscoll-Glennon,DEF,Burnley,-2.0,0,0,0,0,0.0,536,177,0,0,0.0,0.0,2021-01-21T20:00:00Z,0,11,0,0,0,0,19,0,7624,1,0,0.0,0,48,380,332,40,False,0
Cengiz ÃÂÃÂÃÂÃÂnder,MID,Leicester,0.4,0,0,0,0,0.0,541,173,0,0,0.0,0.0,2021-01-19T20:15:00Z,0,5,0,0,0,0,19,0,3988,0,2,0.0,0,-141,24,165,57,True,0
HÃÂÃÂÃÂÃÂ©lder Wander Sousa de Azevedo e Costa,MID,Leeds,0.2,0,0,0,0,0.0,205,182,0,0,0.0,0.0,2021-01-16T15:00:00Z,0,3,0,0,0,0,19,0,213018,1,0,0.0,0,-7578,921,8499,51,True,0
Jean MichaÃÂÃÂÃÂÃÂ«l Seri,MID,Fulham,0.0,0,0,0,0,0.0,189,171,0,0,0.0,0.0,2021-01-20T20:15:00Z,0,13,0,0,0,0,19,0,2412,2,1,0.0,0,-31,5,36,46,True,0
RaÃÂÃÂÃÂÃÂºl JimÃÂÃÂÃÂÃÂ©nez,FWD,Wolves,0.0,0,0,0,0,0.0,460,188,0,0,0.0,0.0,2021-01-16T12:30:00Z,0,18,0,0,0,0,19,0,395327,3,2,0.0,0,-3402,119,3521,82,True,0
Oskar Buur,DEF,Wolves,0.5,0,0,0,0,0.0,467,188,0,0,0.0,0.0,2021-01-16T12:30:00Z,0,18,0,0,0,0,19,0,190335,3,2,0.0,0,-3847,6436,10283,39,True,0
Kieran Tierney,DEF,Arsenal,5.5,0,0,24,1,18.8,17,179,0,0,3.8,10.8,2021-01-18T20:00:00Z,90,14,0,0,0,0,19,0,588058,0,3,8.0,6,-124876,24855,149731,54,True,0
JosÃÂÃÂÃÂÃÂ© Diogo Dalot Teixeira,DEF,Man Utd,0.0,0,0,0,0,0.0,314,171,0,0,0.0,0.0,2021-01-20T20:15:00Z,0,8,0,0,0,0,19,0,2245,2,1,0.0,0,-4,4,8,48,False,0
James Bree,DEF,Aston Villa,0.0,0,0,0,0,0.0,43,99,0,0,0.0,0.0,2021-01-23T20:00:00Z,0,14,0,0,0,0,19,0,499,0,2,0.0,0,-5,0,5,45,True,0
Andy Lonergan,GK,West Brom,1.0,0,0,0,0,0.0,639,175,0,0,0.0,0.0,2021-01-19T18:00:00Z,0,19,0,0,0,0,19,0,0,1,2,0.0,0,0,0,0,40,False,0
Branislav Ivanovic,DEF,West Brom,-0.2,0,0,0,0,0.0,530,175,0,0,0.0,0.0,2021-01-19T18:00:00Z,0,19,0,0,0,0,19,0,8290,1,2,0.0,0,-255,210,465,45,False,0
Dennis Praet,MID,Leicester,0.0,0,0,0,0,0.0,225,173,0,0,0.0,0.0,2021-01-19T20:15:00Z,0,5,0,0,0,0,19,0,15515,0,2,0.0,0,-1198,17,1215,52,True,0
Max Lowe,DEF,Sheffield Utd,-0.5,0,0,0,0,0.0,511,186,0,0,0.0,0.0,2021-01-17T14:00:00Z,0,17,0,0,0,0,19,0,4128,3,1,0.0,0,-83,29,112,43,True,0
Neal Maupay,FWD,Brighton,5.0,0,3,32,1,12.3,68,182,0,1,8.5,31.4,2021-01-16T15:00:00Z,80,10,0,0,0,0,19,0,172333,1,0,41.0,9,774,17880,17106,61,False,0
Aymeric Laporte,DEF,Man City,0.0,0,0,0,0,0.0,280,380,0,0,0.0,0.0,2021-01-20T18:00:00Z,0,2,0,0,0,0,19,0,172497,0,2,0.0,0,-6688,48,6736,60,True,0
Zack Steffen,GK,Man City,2.8,0,0,0,0,0.0,538,380,0,0,0.0,0.0,2021-01-20T18:00:00Z,0,2,0,0,0,0,19,0,10001,0,2,0.0,0,-4871,823,5694,44,True,0
Fabricio Agosto RamÃÂÃÂÃÂÃÂ­rez,GK,Fulham,-2.0,0,0,0,0,0.0,171,171,0,0,0.0,0.0,2021-01-20T20:15:00Z,0,13,0,0,0,0,19,0,117576,2,1,0.0,0,-3351,1442,4793,40,True,0
Mark Noble,MID,West Ham,1.8,0,0,3,0,0.3,427,175,0,0,0.0,0.0,2021-01-19T18:00:00Z,6,18,0,0,0,0,19,0,30242,1,2,0.0,1,-416,522,938,46,True,0
Bernardo Mota Veiga de Carvalho e Silva,MID,Man City,8.8,0,1,29,1,17.2,281,380,0,1,11.7,49.8,2021-01-20T18:00:00Z,90,2,0,0,0,0,19,0,52230,0,2,50.0,9,2540,5922,3382,74,True,0
Jordan Henderson,MID,Liverpool,6.0,0,0,0,0,0.0,244,177,0,0,0.0,0.0,2021-01-21T20:00:00Z,0,4,0,0,0,0,19,0,125512,1,0,0.0,0,2201,9796,7595,54,True,0
Curtis Jones,MID,Liverpool,4.4,0,0,0,0,0.0,263,177,0,0,0.0,0.0,2021-01-21T20:00:00Z,0,4,0,0,0,0,19,0,107587,1,0,0.0,0,-10021,7617,17638,44,True,0
William Saliba,DEF,Arsenal,0.0,0,0,0,0,0.0,27,179,0,0,0.0,0.0,2021-01-18T20:00:00Z,0,14,0,0,0,0,19,0,45874,0,3,0.0,0,-1878,11,1889,40,True,0
Pascal Struijk,DEF,Leeds,4.0,0,0,17,0,7.8,211,182,1,0,2.3,15.0,2021-01-16T15:00:00Z,90,3,0,0,0,0,19,0,367039,1,0,0.0,2,46860,70961,24101,39,True,0
Matt Ritchie,MID,Newcastle,1.9,0,0,0,0,0.0,322,99,0,0,0.0,0.0,2021-01-23T20:00:00Z,0,2,0,0,0,0,19,0,4034,0,2,0.0,0,-282,217,499,49,False,0
Gary Cahill,DEF,Crystal Palace,-1.0,0,0,11,0,0.3,125,185,4,0,2.4,19.2,2021-01-17T19:15:00Z,90,12,0,0,0,0,19,0,7448,0,4,4.0,0,-14,243,257,45,False,0
Joel Ward,DEF,Crystal Palace,1.6,0,0,10,0,11.1,134,185,4,0,2.7,15.4,2021-01-17T19:15:00Z,90,12,0,0,0,0,19,0,61719,0,4,0.0,0,391,4320,3929,43,False,0
Karl Darlow,GK,Newcastle,5.1,0,0,14,0,0.0,325,99,2,0,2.2,22.4,2021-01-23T20:00:00Z,90,2,0,0,0,0,19,3,184078,0,2,0.0,2,-17920,13288,31208,50,False,0
Toby Alderweireld,DEF,Spurs,3.7,0,0,0,0,0.0,386,186,0,0,0.0,0.0,2021-01-17T14:00:00Z,0,15,0,0,0,0,19,0,152644,3,1,0.0,0,-12857,2679,15536,54,False,0
Teddy Jenks,MID,Brighton,0.0,0,0,0,0,0.0,631,182,0,0,0.0,0.0,2021-01-16T15:00:00Z,0,10,0,0,0,0,19,0,41,1,0,0.0,0,26,34,8,45,False,0
Joe Bryan,DEF,Fulham,-1.6,0,0,6,0,0.8,182,171,2,0,2.8,7.4,2021-01-20T20:15:00Z,90,13,0,0,0,0,19,0,24742,2,1,20.0,0,-307,167,474,46,True,1
Jakub Moder,MID,Brighton,0.0,0,0,0,0,0.0,628,182,0,0,0.0,0.0,2021-01-16T15:00:00Z,0,10,0,0,0,0,19,0,269,1,0,0.0,0,37,74,37,50,False,0
Niall Huggins,FWD,Leeds,0.0,0,0,0,0,0.0,619,182,0,0,0.0,0.0,2021-01-16T15:00:00Z,0,3,0,0,0,0,19,0,2020,1,0,0.0,0,572,848,276,45,True,0
Shane Long,FWD,Southampton,0.5,0,0,-1,0,0.3,361,183,1,0,0.4,1.2,2021-01-16T20:00:00Z,18,9,0,0,0,0,19,0,49880,0,2,2.0,1,2181,4414,2233,51,False,0
Bernd Leno,GK,Arsenal,7.1,0,0,22,1,0.0,8,179,0,0,1.1,11.2,2021-01-18T20:00:00Z,90,14,0,0,0,0,19,1,690601,0,3,0.0,6,-21946,28671,50617,50,True,0
Ivan Ricardo Neves Abreu Cavaleiro,MID,Fulham,5.6,0,0,1,0,21.3,187,171,2,0,3.2,6.6,2021-01-20T20:15:00Z,70,13,0,0,0,0,19,0,13759,2,1,4.0,2,3039,4766,1727,53,True,0
Luke Ayling,DEF,Leeds,3.5,0,0,11,0,22.9,197,182,1,0,5.4,25.2,2021-01-16T15:00:00Z,90,3,0,0,0,0,19,0,231791,1,0,6.0,1,-16846,5901,22747,45,True,1
Jesse Lingard,MID,Man Utd,0.5,0,0,0,0,0.0,301,171,0,0,0.0,0.0,2021-01-20T20:15:00Z,0,8,0,0,0,0,19,0,11213,2,1,0.0,0,-18,139,157,59,False,0
Robbie Brady,MID,Burnley,3.6,0,0,7,1,4.2,95,177,0,0,2.6,4.8,2021-01-21T20:00:00Z,64,11,0,0,0,0,19,0,8927,1,0,17.0,3,-25,1305,1330,50,False,0
Neil Taylor,DEF,Aston Villa,-1.4,0,0,0,0,0.0,31,99,0,0,0.0,0.0,2021-01-23T20:00:00Z,0,14,0,0,0,0,19,0,14531,0,2,0.0,0,-73,516,589,42,True,0
Jamie Vardy,FWD,Leicester,6.5,0,0,4,1,10.1,224,173,0,0,3.4,3.2,2021-01-19T20:15:00Z,87,5,0,0,0,0,19,0,2377973,0,2,21.0,2,293110,371825,78715,101,True,0
Tyrick Mitchell,DEF,Crystal Palace,2.2,0,0,8,0,0.3,146,185,4,0,1.3,12.4,2021-01-17T19:15:00Z,90,12,0,0,0,0,19,0,1394508,0,4,0.0,0,115421,168821,53400,39,False,0
Neco Williams,DEF,Liverpool,2.0,0,0,0,0,0.0,264,177,0,0,0.0,0.0,2021-01-21T20:00:00Z,0,4,0,0,0,0,19,0,337035,1,0,0.0,0,-15414,9098,24512,39,True,0
Jeff Hendrick,MID,Newcastle,1.1,0,0,12,0,12.8,485,99,2,0,2.1,4.0,2021-01-23T20:00:00Z,90,2,0,0,0,0,19,0,150846,0,2,4.0,2,-3046,8801,11847,46,False,0
LÃÂÃÂÃÂÃÂ©o Bonatini,FWD,Wolves,0.0,0,0,0,0,0.0,463,188,0,0,0.0,0.0,2021-01-16T12:30:00Z,0,18,0,0,0,0,19,0,9715,3,2,0.0,0,-74,19,93,48,True,0
Ethan Ampadu,DEF,Sheffield Utd,2.3,0,0,7,0,11.7,509,186,3,0,4.2,12.8,2021-01-17T14:00:00Z,90,17,0,0,0,0,19,0,38653,3,1,17.0,0,1423,5317,3894,43,True,1
ÃÂÃÂÃÂÃÂaglar SÃÂÃÂÃÂÃÂ¶yÃÂÃÂÃÂÃÂ¼ncÃÂÃÂÃÂÃÂ¼,DEF,Leicester,1.3,0,0,0,0,0.0,238,173,0,0,0.0,0.0,2021-01-19T20:15:00Z,0,5,0,0,0,0,19,0,211522,0,2,0.0,0,340,1406,1066,53,True,0
Mace Goodridge,MID,Burnley,-2.0,0,0,0,0,0.0,551,177,0,0,0.0,0.0,2021-01-21T20:00:00Z,0,11,0,0,0,0,19,0,846,1,0,0.0,0,-11,35,46,45,False,0
Youri Tielemans,MID,Leicester,10.9,0,0,10,1,4.5,228,173,0,0,3.6,8.0,2021-01-19T20:15:00Z,90,5,0,0,0,0,19,0,167702,0,2,23.0,3,5800,12751,6951,64,True,0
Oliver Burke,MID,Sheffield Utd,0.3,0,0,6,0,12.5,424,186,3,0,5.7,5.2,2021-01-17T14:00:00Z,70,17,0,0,0,0,19,0,165495,3,1,39.0,2,1806,28128,26322,43,True,0
Bruno Miguel Borges Fernandes,MID,Man Utd,13.1,1,0,20,0,37.2,302,171,1,0,7.4,13.8,2021-01-20T20:15:00Z,90,8,0,0,0,0,19,0,4139736,2,1,23.0,5,-12831,91675,104506,113,False,0
Illan Meslier,GK,Leeds,4.8,0,0,0,0,0.0,213,182,0,0,0.0,0.0,2021-01-16T15:00:00Z,0,3,0,0,0,0,19,0,517440,1,0,0.0,0,14028,57118,43090,47,True,0
Jack Jenkins,MID,Leeds,0.0,0,0,0,0,0.0,599,182,0,0,0.0,0.0,2021-01-16T15:00:00Z,0,3,0,0,0,0,19,0,1096,1,0,0.0,0,18,78,60,45,True,0
Kelechi Iheanacho,FWD,Leicester,1.3,0,0,2,0,0.5,233,173,0,0,0.3,2.0,2021-01-19T20:15:00Z,2,5,0,0,0,0,19,0,21951,0,2,0.0,1,741,1409,668,56,True,0
Craig Dawson,DEF,West Ham,9.0,0,0,12,0,0.9,576,175,1,0,1.2,7.4,2021-01-19T18:00:00Z,90,18,0,0,0,0,19,0,27713,1,2,4.0,2,19502,21494,1992,45,True,0
Kyle Walker-Peters,DEF,Southampton,4.5,0,0,12,0,16.3,375,183,2,0,3.1,10.8,2021-01-16T20:00:00Z,90,9,0,0,0,0,19,0,1007498,0,2,4.0,1,-82261,35400,117661,48,False,0
Sam Johnstone,GK,West Brom,1.4,0,0,17,0,0.0,417,175,2,0,3.0,30.2,2021-01-19T18:00:00Z,90,19,0,0,0,0,19,4,243234,1,2,0.0,2,37678,52659,14981,45,False,0
Rayan Ait Nouri,DEF,Wolves,2.7,0,0,2,0,1.2,563,188,0,0,0.2,0.0,2021-01-16T12:30:00Z,26,18,0,0,0,0,19,0,15968,3,2,1.0,1,2169,3883,1714,50,True,0
Joel Matip,DEF,Liverpool,2.6,0,0,8,0,2.0,246,177,1,0,1.1,8.6,2021-01-21T20:00:00Z,90,4,0,0,0,0,19,0,51911,1,0,0.0,1,-11025,1054,12079,54,True,1
Gabriel Fernando de Jesus,FWD,Man City,4.8,1,0,10,0,10.9,282,380,0,0,2.9,0.0,2021-01-20T18:00:00Z,31,2,0,0,0,0,19,0,109790,0,2,19.0,4,13192,24289,11097,91,True,0
Kevin De Bruyne,MID,Man City,14.0,0,0,10,0,40.4,272,380,0,0,7.7,10.0,2021-01-20T18:00:00Z,58,2,0,0,0,0,19,0,2481098,0,2,27.0,1,395204,436458,41254,118,True,0
Fernando Luiz Rosa,DEF,Man City,5.2,0,0,0,0,0.0,266,380,0,0,0.0,0.0,2021-01-20T18:00:00Z,0,2,0,0,0,0,19,0,55600,0,2,0.0,0,-252,1209,1461,54,True,0
FabiÃÂÃÂÃÂÃÂ¡n Balbuena,DEF,West Ham,0.0,0,0,0,0,0.0,443,175,0,0,0.0,0.0,2021-01-19T18:00:00Z,0,18,0,0,0,0,19,0,103782,1,2,0.0,0,-44221,7268,51489,44,True,0
Kenneth Zohore,FWD,West Brom,0.0,0,0,0,0,0.0,416,175,0,0,0.0,0.0,2021-01-19T18:00:00Z,0,19,0,0,0,0,19,0,2757,1,2,0.0,0,87,135,48,48,False,0
Eric Dier,DEF,Spurs,3.5,0,0,13,0,0.2,391,186,1,0,3.3,28.4,2021-01-17T14:00:00Z,90,15,0,0,0,0,19,0,408581,3,1,4.0,2,-66786,10007,76793,51,False,0
Phil Foden,MID,Man City,14.0,0,0,16,1,74.1,284,380,0,0,20.1,22.0,2021-01-20T18:00:00Z,90,2,0,0,0,0,19,0,867685,0,2,105.0,3,418897,451057,32160,63,True,0
James Garner,MID,Man Utd,0.0,0,0,0,0,0.0,317,171,0,0,0.0,0.0,2021-01-20T20:15:00Z,0,8,0,0,0,0,19,0,3396,2,1,0.0,0,-51,5,56,44,False,0
Riyad Mahrez,MID,Man City,4.0,0,0,5,0,18.8,275,380,0,0,2.9,4.2,2021-01-20T18:00:00Z,18,2,0,0,0,0,19,0,272796,0,2,6.0,1,-29133,14713,43846,81,True,0
Trent Alexander-Arnold,DEF,Liverpool,9.2,0,0,13,0,42.2,259,177,1,0,11.1,12.2,2021-01-21T20:00:00Z,90,4,0,0,0,0,19,0,1080795,1,0,57.0,2,-12547,14182,26729,73,True,0
Jake Livermore,MID,West Brom,0.6,0,0,10,0,0.3,409,175,2,0,1.5,14.2,2021-01-19T18:00:00Z,79,19,0,0,0,0,19,0,3961,1,2,0.0,2,-20,83,103,47,False,0
Sokratis Papastathopoulos,DEF,Arsenal,0.0,0,0,0,0,0.0,2,179,0,0,0.0,0.0,2021-01-18T20:00:00Z,0,14,0,0,0,0,19,0,4824,0,3,0.0,0,-19,1,20,48,True,0
Harrison Reed,MID,Fulham,2.4,0,0,17,0,12.2,373,171,2,0,2.9,15.4,2021-01-20T20:15:00Z,90,13,0,0,0,0,19,0,50596,2,1,1.0,2,1517,6196,4679,44,True,0
John Stones,DEF,Man City,18.4,0,0,24,1,1.0,273,380,0,0,5.1,16.0,2021-01-20T18:00:00Z,90,2,0,0,0,0,19,0,812840,0,2,34.0,6,241088,266041,24953,50,True,0
Jonathan Castro Otto,DEF,Wolves,0.0,0,0,0,0,0.0,462,188,0,0,0.0,0.0,2021-01-16T12:30:00Z,0,18,0,0,0,0,19,0,1586,3,2,0.0,0,8,28,20,54,True,0
Kelland Watts,DEF,Newcastle,0.0,0,0,0,0,0.0,342,99,0,0,0.0,0.0,2021-01-23T20:00:00Z,0,2,0,0,0,0,19,0,14927,0,2,0.0,0,-306,221,527,39,False,0
Jeffrey Schlupp,MID,Crystal Palace,0.0,0,0,0,0,0.0,142,185,0,0,0.0,0.0,2021-01-17T19:15:00Z,0,12,0,0,0,0,19,0,5769,0,4,0.0,0,-778,15,793,54,False,0
Faustino Anjorin,MID,Chelsea,1.0,0,0,0,0,0.0,605,173,0,0,0.0,0.0,2021-01-19T20:15:00Z,0,9,0,0,0,0,19,0,344,0,2,0.0,0,12,60,48,45,False,0
Danny Welbeck,FWD,Brighton,0.0,0,0,0,0,0.0,588,182,0,0,0.0,0.0,2021-01-16T15:00:00Z,0,10,0,0,0,0,19,0,44079,1,0,0.0,0,-22758,166,22924,55,False,0
Edward Nketiah,FWD,Arsenal,0.7,0,0,0,0,0.0,22,179,0,0,0.0,0.0,2021-01-18T20:00:00Z,0,14,0,0,0,0,19,0,42894,0,3,0.0,0,-471,1606,2077,55,True,0
Aboubakar Kamara,MID,Fulham,-0.4,0,0,6,0,21.0,190,171,0,0,2.5,4.4,2021-01-20T20:15:00Z,19,13,0,0,0,0,19,0,3693,2,1,0.0,1,10,104,94,48,True,0
Timo Werner,FWD,Chelsea,3.4,0,0,1,0,0.3,117,173,0,0,0.1,0.6,2021-01-19T20:15:00Z,22,9,0,0,0,0,19,0,968981,0,2,0.0,1,46126,74115,27989,92,False,0
Edouard Mendy,GK,Chelsea,6.6,0,0,22,0,0.0,548,173,2,0,3.4,33.6,2021-01-19T20:15:00Z,90,9,0,0,0,0,19,4,571270,0,2,0.0,2,30143,65221,35078,51,False,0
Vitor Ferreira,MID,Wolves,1.5,0,0,0,0,0.0,515,188,0,0,0.0,0.0,2021-01-16T12:30:00Z,0,18,0,0,0,0,19,0,2681,3,2,0.0,0,-66,84,150,48,True,0
Tim Ream,DEF,Fulham,-2.0,0,0,0,0,0.0,176,171,0,0,0.0,0.0,2021-01-20T20:15:00Z,0,13,0,0,0,0,19,0,9226,2,1,0.0,0,-117,132,249,42,True,0
Reece James,DEF,Chelsea,1.8,0,0,17,0,34.9,123,173,2,0,9.3,24.0,2021-01-19T20:15:00Z,90,9,0,0,0,0,19,0,584609,0,2,34.0,1,-20524,38997,59521,51,False,0
Ollie Watkins,FWD,Aston Villa,8.2,0,0,29,1,17.2,514,99,0,1,11.7,41.8,2021-01-23T20:00:00Z,90,14,0,0,0,0,19,0,886338,0,2,58.0,6,232687,298258,65571,61,True,0
Davinson SÃÂÃÂÃÂÃÂ¡nchez,DEF,Spurs,1.7,0,0,3,0,0.0,398,186,0,0,0.0,0.0,2021-01-17T14:00:00Z,1,15,0,0,0,0,19,0,54228,3,1,0.0,1,-312,257,569,52,False,0
Gabriel Teodoro Martinelli Silva,MID,Arsenal,0.9,0,0,1,0,0.5,26,179,0,0,0.4,0.0,2021-01-18T20:00:00Z,8,14,0,0,0,0,19,0,27692,0,3,4.0,1,-18639,467,19106,49,True,0
Roberto Firmino,FWD,Liverpool,5.6,0,0,1,0,2.2,249,177,1,0,2.7,0.0,2021-01-21T20:00:00Z,33,4,0,0,0,0,19,0,418137,1,0,28.0,1,74161,105740,31579,93,True,0
Jonjo Shelvey,MID,Newcastle,1.1,0,0,15,0,26.5,321,99,2,0,4.3,16.8,2021-01-23T20:00:00Z,90,2,0,0,0,0,19,0,10322,0,2,0.0,2,-257,72,329,53,False,0
Jamal Lewis,DEF,Newcastle,0.7,0,0,2,0,1.1,513,99,2,0,0.3,0.0,2021-01-23T20:00:00Z,90,2,0,0,0,0,19,0,118026,0,2,4.0,1,-27104,441,27545,43,False,0
Japhet Tanganga,DEF,Spurs,0.5,0,0,0,0,0.0,402,186,0,0,0.0,0.0,2021-01-17T14:00:00Z,0,15,0,0,0,0,19,0,3413,3,1,0.0,0,-24,55,79,49,False,0
Patrick van Aanholt,DEF,Crystal Palace,-0.8,0,0,0,0,0.0,139,185,0,0,0.0,0.0,2021-01-17T19:15:00Z,0,12,0,0,0,0,19,0,33453,0,4,0.0,0,-10398,403,10801,54,False,0
Jamaal Lascelles,DEF,Newcastle,-0.1,0,0,4,0,0.1,328,99,2,0,3.3,14.4,2021-01-23T20:00:00Z,90,2,0,0,0,0,19,0,67358,0,2,18.0,0,-222,3350,3572,42,False,1
JosÃÂÃÂÃÂÃÂ© Ignacio Peleteiro Romallo,MID,Aston Villa,0.0,0,0,0,0,0.0,34,99,0,0,0.0,0.0,2021-01-23T20:00:00Z,0,14,0,0,0,0,19,0,3316,0,2,0.0,0,-9,1,10,59,True,0
Kgaogelo Chauke,MID,Southampton,-0.5,0,0,0,0,0.0,624,183,0,0,0.0,0.0,2021-01-16T20:00:00Z,0,9,0,0,0,0,19,0,118,0,2,0.0,0,32,43,11,45,False,0
Claudio Bravo,GK,Man City,0.0,0,0,0,0,0.0,267,380,0,0,0.0,0.0,2021-01-20T18:00:00Z,0,2,0,0,0,0,19,0,1763,0,2,0.0,0,-12,3,15,45,True,0
Jonathan Leko,MID,West Brom,0.0,0,0,0,0,0.0,420,175,0,0,0.0,0.0,2021-01-19T18:00:00Z,0,19,0,0,0,0,19,0,1863,1,2,0.0,0,0,44,44,45,False,0
Solomon March,MID,Brighton,2.4,0,0,8,1,11.2,65,182,0,0,2.7,14.0,2021-01-16T15:00:00Z,90,10,0,0,0,0,19,0,98670,1,0,2.0,3,-11430,8341,19771,50,False,0
Issa Diop,DEF,West Ham,1.0,0,0,0,0,0.0,451,175,0,0,0.0,0.0,2021-01-19T18:00:00Z,0,18,0,0,0,0,19,0,35207,1,2,0.0,0,-844,334,1178,43,True,0
John Egan,DEF,Sheffield Utd,1.9,0,0,15,0,0.5,353,186,3,0,2.6,25.8,2021-01-17T14:00:00Z,90,17,0,0,0,0,19,0,163766,3,1,0.0,0,-4075,556,4631,47,True,1
Matija Sarkic,GK,Wolves,0.0,0,0,0,0,0.0,472,188,0,0,0.0,0.0,2021-01-16T12:30:00Z,0,18,0,0,0,0,19,0,7272,3,2,0.0,0,-101,9,110,44,True,0
Angelo Ogbonna,DEF,West Ham,9.4,0,0,15,0,0.3,432,175,1,0,1.5,14.6,2021-01-19T18:00:00Z,90,18,0,0,0,0,19,0,293737,1,2,0.0,2,72281,88790,16509,50,True,0
Virgil van Dijk,DEF,Liverpool,0.0,0,0,0,0,0.0,250,177,0,0,0.0,0.0,2021-01-21T20:00:00Z,0,4,0,0,0,0,19,0,534594,1,0,0.0,0,-2111,110,2221,63,True,0
Darnell Furlong,DEF,West Brom,0.6,0,0,4,0,4.0,422,175,0,0,1.5,5.4,2021-01-19T18:00:00Z,20,19,0,0,0,0,19,0,25648,1,2,6.0,1,1832,4651,2819,45,False,0
Luka Milivojevic,MID,Crystal Palace,1.2,0,0,11,0,0.7,138,185,3,0,1.1,7.8,2021-01-17T19:15:00Z,67,12,0,0,0,0,19,0,17023,0,4,2.0,2,-209,139,348,56,False,0
Victor LindelÃÂÃÂÃÂÃÂ¶f,DEF,Man Utd,2.3,0,0,0,0,0.0,308,171,0,0,0.0,0.0,2021-01-20T20:15:00Z,0,8,0,0,0,0,19,0,92476,2,1,0.0,0,-17803,528,18331,48,False,0
Dara O'Shea,DEF,West Brom,0.2,0,0,8,0,1.5,425,175,2,0,4.0,34.6,2021-01-19T18:00:00Z,90,19,0,0,0,0,19,0,14567,1,2,4.0,1,235,908,673,43,False,0
Alphonse Areola,GK,Fulham,6.0,0,0,10,0,0.0,516,171,2,0,1.8,17.8,2021-01-20T20:15:00Z,90,13,0,0,0,0,19,3,204173,2,1,0.0,2,34034,49429,15395,45,True,0
Nathan AkÃÂÃÂÃÂÃÂ©,DEF,Man City,0.0,0,0,0,0,0.0,279,380,0,0,0.0,0.0,2021-01-20T18:00:00Z,0,2,0,0,0,0,19,0,229633,0,2,0.0,0,-8596,38,8634,54,True,0
Nathaniel Phillips,DEF,Liverpool,4.0,0,0,0,0,0.0,589,177,0,0,0.0,0.0,2021-01-21T20:00:00Z,0,4,0,0,0,0,19,0,58147,1,0,0.0,0,-3577,6511,10088,40,True,0
Steven Alzate,MID,Brighton,0.2,0,0,0,0,0.0,79,182,0,0,0.0,0.0,2021-01-16T15:00:00Z,0,10,0,0,0,0,19,0,66710,1,0,0.0,0,-9199,1159,10358,43,False,0
Sadio ManÃÂÃÂÃÂÃÂ©,MID,Liverpool,9.6,0,0,21,0,102.0,251,177,1,0,17.7,24.8,2021-01-21T20:00:00Z,90,4,0,0,0,0,19,0,590434,1,0,50.0,2,21570,53013,31443,119,True,0
Nathan Ferguson,DEF,Crystal Palace,0.0,0,0,0,0,0.0,145,185,0,0,0.0,0.0,2021-01-17T19:15:00Z,0,12,0,0,0,0,19,0,40493,0,4,0.0,0,-2773,197,2970,39,False,0
Javier Manquillo,DEF,Newcastle,-0.1,0,0,8,0,20.9,332,99,2,0,2.7,6.0,2021-01-23T20:00:00Z,70,2,0,0,0,0,19,0,17338,0,2,0.0,1,-598,248,846,43,False,0
Josh Sims,MID,Southampton,0.0,0,0,0,0,0.0,374,183,0,0,0.0,0.0,2021-01-16T20:00:00Z,0,9,0,0,0,0,19,0,8580,0,2,0.0,0,-26,368,394,43,False,0
Facundo Pellistri,MID,Man Utd,0.0,0,0,0,0,0.0,575,171,0,0,0.0,0.0,2021-01-20T20:15:00Z,0,8,0,0,0,0,19,0,536,2,1,0.0,0,-10,12,22,52,False,0
James Justin,DEF,Leicester,7.7,0,0,21,1,2.5,239,173,0,0,2.2,7.6,2021-01-19T20:15:00Z,90,5,0,0,0,0,19,0,1930626,0,2,12.0,6,19098,101388,82290,50,True,0
Antonio RÃÂÃÂÃÂÃÂ¼diger,DEF,Chelsea,5.4,0,0,19,0,1.8,109,173,2,0,1.8,16.6,2021-01-19T20:15:00Z,90,9,0,0,0,0,19,0,50770,0,2,0.0,1,-165,585,750,45,False,0
Konstantinos Tsimikas,DEF,Liverpool,0.0,0,0,0,0,0.0,242,177,0,0,0.0,0.0,2021-01-21T20:00:00Z,0,4,0,0,0,0,19,0,2578,1,0,0.0,0,-20,15,35,49,True,0
Nicolas PÃÂÃÂÃÂÃÂ©pÃÂÃÂÃÂÃÂ©,MID,Arsenal,0.9,0,0,0,0,0.0,18,179,0,0,0.0,0.0,2021-01-18T20:00:00Z,0,14,0,0,0,0,19,0,50204,0,3,0.0,0,-1016,307,1323,76,True,0
Bertrand TraorÃÂÃÂÃÂÃÂ©,MID,Aston Villa,9.8,0,0,29,1,18.1,540,99,0,1,8.5,39.8,2021-01-23T20:00:00Z,79,14,0,0,0,0,19,0,43418,0,2,27.0,8,5646,10948,5302,59,True,0
Sam Field,MID,West Brom,-0.5,0,0,0,0,0.0,423,175,0,0,0.0,0.0,2021-01-19T18:00:00Z,0,19,0,0,0,0,19,0,1041,1,2,0.0,0,-7,4,11,48,False,0
Stefan Johansen,MID,Fulham,0.0,0,0,0,0,0.0,174,171,0,0,0.0,0.0,2021-01-20T20:15:00Z,0,13,0,0,0,0,19,0,1223,2,1,0.0,0,-7,4,11,47,True,0
Josh Benson,MID,Burnley,0.0,0,0,0,0,0.0,535,177,0,0,0.0,0.0,2021-01-21T20:00:00Z,0,11,0,0,0,0,19,0,2327,1,0,0.0,0,-69,213,282,45,False,0
Wes Morgan,DEF,Leicester,0.5,0,0,0,0,0.0,216,173,0,0,0.0,0.0,2021-01-19T20:15:00Z,0,5,0,0,0,0,19,0,9769,0,2,0.0,0,-6,136,142,44,True,0
William Smallbone,MID,Southampton,0.0,0,0,9,0,3.3,379,183,1,0,2.2,9.6,2021-01-16T20:00:00Z,60,9,0,0,0,0,19,0,14214,0,2,9.0,2,-456,100,556,44,False,0
Granit Xhaka,MID,Arsenal,4.5,0,0,21,1,5.9,9,179,0,0,3.2,15.8,2021-01-18T20:00:00Z,90,14,0,0,0,0,19,0,34262,0,3,10.0,3,-685,806,1491,52,True,0
Christian Fuchs,DEF,Leicester,0.5,0,0,0,0,0.0,218,173,0,0,0.0,0.0,2021-01-19T20:15:00Z,0,5,0,0,0,0,19,0,19992,0,2,0.0,0,-1054,650,1704,45,True,0
Max Kilman,DEF,Wolves,1.1,0,0,0,0,0.0,470,188,0,0,0.0,0.0,2021-01-16T12:30:00Z,0,18,0,0,0,0,19,0,674231,3,2,0.0,0,-75165,24675,99840,41,True,0
Jacob Ramsey,MID,Aston Villa,1.0,0,0,2,0,0.0,554,99,0,0,0.1,1.4,2021-01-23T20:00:00Z,2,14,0,0,0,0,19,0,7426,0,2,0.0,1,-66,349,415,45,True,0
Jack Butland,GK,Crystal Palace,-1.0,0,0,0,0,0.0,586,185,0,0,0.0,0.0,2021-01-17T19:15:00Z,0,12,0,0,0,0,19,0,3459,0,4,0.0,0,-78,133,211,45,False,0
Georginio Wijnaldum,MID,Liverpool,6.0,0,0,14,0,29.8,243,177,1,0,5.3,9.6,2021-01-21T20:00:00Z,90,4,0,0,0,0,19,0,120492,1,0,14.0,2,669,7358,6689,53,True,0
Adam Lallana,MID,Brighton,0.0,0,0,0,0,0.0,54,182,0,0,0.0,0.0,2021-01-16T15:00:00Z,0,10,0,0,0,0,19,0,22023,1,0,0.0,0,-455,31,486,62,False,0
Michael Hector,DEF,Fulham,-2.0,0,0,0,0,0.0,178,171,0,0,0.0,0.0,2021-01-20T20:15:00Z,0,13,0,0,0,0,19,0,10684,2,1,0.0,0,-155,130,285,42,True,0
Josh Onomah,MID,Fulham,-1.0,0,0,0,0,0.0,188,171,0,0,0.0,0.0,2021-01-20T20:15:00Z,0,13,0,0,0,0,19,0,2881,2,1,0.0,0,13,64,51,46,True,0
Pablo HernÃÂÃÂÃÂÃÂ¡ndez DomÃÂÃÂÃÂÃÂ­nguez,MID,Leeds,1.0,0,0,4,0,2.8,193,182,0,0,0.6,3.0,2021-01-16T15:00:00Z,23,3,0,0,0,0,19,0,20323,1,0,0.0,1,-119,366,485,57,True,0
Bukayo Saka,MID,Arsenal,8.3,0,1,31,1,49.1,24,179,0,1,15.6,47.4,2021-01-18T20:00:00Z,90,14,0,0,0,0,19,0,660260,0,3,59.0,9,-50834,73027,123861,53,True,0
Mohamed Salah,MID,Liverpool,6.4,0,0,2,0,14.6,254,177,1,0,6.7,5.8,2021-01-21T20:00:00Z,33,4,0,0,0,0,19,0,3168283,1,0,47.0,1,89606,195898,106292,125,True,0
Axel Tuanzebe,DEF,Man Utd,0.9,0,0,0,0,0.0,307,171,0,0,0.0,0.0,2021-01-20T20:15:00Z,0,8,0,0,0,0,19,0,8532,2,1,0.0,0,-348,400,748,42,False,0
Conor Coady,DEF,Wolves,1.7,0,0,8,0,0.3,459,188,3,0,0.1,0.4,2021-01-16T12:30:00Z,63,18,0,0,0,0,19,0,418134,3,2,0.0,1,-24958,4242,29200,49,True,0
Luke Freeman,MID,Sheffield Utd,0.0,0,0,0,0,0.0,477,186,0,0,0.0,0.0,2021-01-17T14:00:00Z,0,17,0,0,0,0,19,0,372,3,1,0.0,0,-14,3,17,50,True,0
Jack Cork,MID,Burnley,-2.0,0,0,0,0,0.0,84,177,0,0,0.0,0.0,2021-01-21T20:00:00Z,0,11,0,0,0,0,19,0,1174,1,0,0.0,0,15,50,35,50,False,0
Harry Winks,MID,Spurs,1.7,0,0,0,0,0.0,397,186,0,0,0.0,0.0,2021-01-17T14:00:00Z,0,15,0,0,0,0,19,0,7998,3,1,0.0,0,-71,84,155,52,False,0
Fabian SchÃÂÃÂÃÂÃÂ¤r,DEF,Newcastle,2.1,0,0,7,0,1.1,334,99,2,0,1.7,16.0,2021-01-23T20:00:00Z,90,2,0,0,0,0,19,0,8750,0,2,0.0,0,-1587,554,2141,49,False,1
Johann Berg Gudmundsson,MID,Burnley,-0.4,0,0,3,0,0.4,90,177,0,0,0.8,0.6,2021-01-21T20:00:00Z,25,11,0,0,0,0,19,0,2830,1,0,7.0,1,49,135,86,54,False,0
Manuel Lanzini,MID,West Ham,4.6,0,0,4,0,14.7,439,175,1,0,5.7,3.8,2021-01-19T18:00:00Z,61,18,0,0,0,0,19,0,7919,1,2,38.0,2,383,736,353,64,True,0
Tanguy Ndombele,MID,Spurs,6.7,0,2,34,0,8.2,405,186,1,1,8.6,53.0,2021-01-17T14:00:00Z,90,15,0,0,0,0,19,0,39910,3,1,25.0,9,-3349,1950,5299,59,False,0
Florian Lejeune,DEF,Newcastle,0.0,0,0,0,0,0.0,327,99,0,0,0.0,0.0,2021-01-23T20:00:00Z,0,2,0,0,0,0,19,0,954,0,2,0.0,0,4,15,11,43,False,0
Willian Borges Da Silva,MID,Arsenal,0.9,0,0,3,0,14.9,478,179,0,0,2.6,2.6,2021-01-18T20:00:00Z,11,14,0,0,0,0,19,0,229545,0,3,8.0,1,-2633,264,2897,75,True,0
Sergio ReguilÃÂÃÂÃÂÃÂ³n,DEF,Spurs,4.5,0,0,14,0,2.6,542,186,1,0,1.4,9.2,2021-01-17T14:00:00Z,90,15,0,0,0,0,19,0,453870,3,1,2.0,2,-33215,20659,53874,57,False,0
Cameron Carter-Vickers,DEF,Spurs,0.0,0,0,0,0,0.0,521,186,0,0,0.0,0.0,2021-01-17T14:00:00Z,0,15,0,0,0,0,19,0,19699,3,1,0.0,0,-183,359,542,39,False,0
Alisson Ramses Becker,GK,Liverpool,11.2,0,0,18,0,0.0,252,177,1,0,2.0,20.0,2021-01-21T20:00:00Z,90,4,0,0,0,0,19,3,537228,1,0,0.0,3,8301,18893,10592,59,True,0
Marcos Rojo,DEF,Man Utd,0.0,0,0,0,0,0.0,294,171,0,0,0.0,0.0,2021-01-20T20:15:00Z,0,8,0,0,0,0,19,0,3869,2,1,0.0,0,-12,18,30,48,False,0
Rekeem Harper,MID,West Brom,-0.6,0,0,0,0,0.0,426,175,0,0,0.0,0.0,2021-01-19T18:00:00Z,0,19,0,0,0,0,19,0,50074,1,2,0.0,0,1154,4793,3639,43,False,0
Che Adams,FWD,Southampton,0.7,0,0,5,0,5.3,377,183,1,0,2.7,2.4,2021-01-16T20:00:00Z,71,9,0,0,0,0,19,0,457370,0,2,19.0,2,-78666,41949,120615,60,False,0
Hal Robson-Kanu,FWD,West Brom,-0.1,0,0,0,0,0.0,408,175,0,0,0.0,0.0,2021-01-19T18:00:00Z,10,19,0,0,0,0,19,0,6408,1,2,0.0,1,-37,41,78,52,False,0
Andi Zeqiri,FWD,Brighton,0.2,0,0,0,0,0.0,574,182,0,0,0.0,0.0,2021-01-16T15:00:00Z,0,10,0,0,0,0,19,0,5357,1,0,0.0,0,298,916,618,50,False,0
Kamil Miazek,GK,Leeds,0.0,0,0,0,0,0.0,208,182,0,0,0.0,0.0,2021-01-16T15:00:00Z,0,3,0,0,0,0,19,0,80495,1,0,0.0,0,-3287,38,3325,40,True,0
Jarrod Bowen,MID,West Ham,7.0,0,0,20,0,2.7,445,175,1,1,8.1,38.8,2021-01-19T18:00:00Z,90,18,0,0,0,0,19,0,268223,1,2,39.0,7,2196,33048,30852,63,True,0
Carlos Vinicius Alves Morais,FWD,Spurs,1.3,0,0,2,0,0.0,564,186,0,0,0.0,0.0,2021-01-17T14:00:00Z,1,15,0,0,0,0,19,0,5163,3,1,0.0,1,20,701,681,69,False,0
Cole Palmer,MID,Man City,0.5,0,0,0,0,0.0,552,380,0,0,0.0,0.0,2021-01-20T18:00:00Z,0,2,0,0,0,0,19,0,1085,0,2,0.0,0,-18,28,46,44,True,0
Jack O'Connell,DEF,Sheffield Utd,0.0,0,0,0,0,0.0,354,186,0,0,0.0,0.0,2021-01-17T14:00:00Z,0,17,0,0,0,0,19,0,10021,3,1,0.0,0,21,143,122,47,True,0
Pablo MarÃÂÃÂÃÂÃÂ­,DEF,Arsenal,2.5,0,0,0,0,0.0,10,179,0,0,0.0,0.0,2021-01-18T20:00:00Z,0,14,0,0,0,0,19,0,15566,0,3,0.0,0,-6244,1569,7813,44,True,0
Matthew Longstaff,MID,Newcastle,2.5,0,0,0,0,0.0,487,99,0,0,0.0,0.0,2021-01-23T20:00:00Z,0,2,0,0,0,0,19,0,1709,0,2,0.0,0,-102,53,155,49,False,0
Meritan Shabani,MID,Wolves,0.5,0,0,0,0,0.0,553,188,0,0,0.0,0.0,2021-01-16T12:30:00Z,0,18,0,0,0,0,19,0,3059,3,2,0.0,0,88,239,151,44,True,0
Fikayo Tomori,DEF,Chelsea,1.0,0,0,0,0,0.0,121,173,0,0,0.0,0.0,2021-01-19T20:15:00Z,0,9,0,0,0,0,19,0,17628,0,2,0.0,0,-43,114,157,47,False,0
Jordan Stevens,MID,Leeds,0.0,0,0,0,0,0.0,212,182,0,0,0.0,0.0,2021-01-16T15:00:00Z,0,3,0,0,0,0,19,0,35381,1,0,0.0,0,-695,158,853,43,True,0
Christian Benteke,FWD,Crystal Palace,1.0,0,0,0,0,0.0,132,185,0,0,0.0,0.0,2021-01-17T19:15:00Z,0,12,0,0,0,0,19,0,56067,0,4,0.0,0,-4099,10689,14788,55,False,0
Caoimhin Kelleher,GK,Liverpool,2.0,0,0,0,0,0.0,560,177,0,0,0.0,0.0,2021-01-21T20:00:00Z,0,4,0,0,0,0,19,0,9222,1,0,0.0,0,-784,155,939,45,True,0
Marek RodÃÂÃÂÃÂÃÂ¡k,GK,Fulham,-2.0,0,0,0,0,0.0,186,171,0,0,0.0,0.0,2021-01-20T20:15:00Z,0,13,0,0,0,0,19,0,23303,2,1,0.0,0,-401,270,671,43,True,0
Kyle Walker,DEF,Man City,4.8,0,0,3,0,0.5,270,380,0,0,0.1,0.2,2021-01-20T18:00:00Z,27,2,0,0,0,0,19,0,468150,0,2,0.0,1,-9386,10834,20220,61,True,0
Joe Hart,GK,Spurs,0.5,0,0,0,0,0.0,482,186,0,0,0.0,0.0,2021-01-17T14:00:00Z,0,15,0,0,0,0,19,0,46509,3,1,0.0,0,-444,282,726,43,False,0
Declan Rice,MID,West Ham,6.2,0,0,11,0,8.1,448,175,1,0,3.9,10.0,2021-01-19T18:00:00Z,90,18,0,0,0,0,19,0,210727,1,2,21.0,2,9159,18623,9464,48,True,0
Emile Smith Rowe,MID,Arsenal,5.9,1,0,26,1,48.6,23,179,0,0,7.8,25.4,2021-01-18T20:00:00Z,81,14,0,0,0,0,19,0,219564,0,3,4.0,6,51999,80084,28085,45,True,0
Filip Benkovic,DEF,Leicester,0.0,0,0,0,0,0.0,237,173,0,0,0.0,0.0,2021-01-19T20:15:00Z,0,5,0,0,0,0,19,0,1739,0,2,0.0,0,-31,5,36,43,True,0
Will Ferry,MID,Southampton,0.7,0,0,0,0,0.0,634,183,0,0,0.0,0.0,2021-01-16T20:00:00Z,0,9,0,0,0,0,19,0,0,0,2,0.0,0,0,0,0,45,False,0
Diego Llorente,DEF,Leeds,0.0,0,0,0,0,0.0,549,182,0,0,0.0,0.0,2021-01-16T15:00:00Z,0,3,0,0,0,0,19,0,1433,1,0,0.0,0,80,131,51,44,True,0
Owen Otasowie,MID,Wolves,0.9,0,0,0,0,0.0,581,188,0,0,0.0,0.0,2021-01-16T12:30:00Z,0,18,0,0,0,0,19,0,2072,3,2,0.0,0,-139,100,239,45,True,0
Antonee Robinson,DEF,Fulham,1.0,0,0,0,0,0.0,484,171,0,0,0.0,0.0,2021-01-20T20:15:00Z,0,13,0,0,0,0,19,0,21345,2,1,0.0,0,2708,4916,2208,44,True,0
Adam Forshaw,MID,Leeds,0.0,0,0,0,0,0.0,199,182,0,0,0.0,0.0,2021-01-16T15:00:00Z,0,3,0,0,0,0,19,0,569,1,0,0.0,0,-4,6,10,48,True,0
Cheikh Diaby,FWD,West Brom,-1.0,0,0,0,0,0.0,621,175,0,0,0.0,0.0,2021-01-19T18:00:00Z,0,19,0,0,0,0,19,0,4283,1,2,0.0,0,1442,2234,792,45,False,0
Jacob Murphy,MID,Newcastle,2.1,0,0,0,0,0.0,497,99,0,0,0.0,0.0,2021-01-23T20:00:00Z,0,2,0,0,0,0,19,0,4647,0,2,0.0,0,-297,175,472,49,False,0
JoÃÂÃÂÃÂÃÂ«l Veltman,DEF,Brighton,2.2,0,1,25,1,1.8,67,182,0,0,2.4,20.6,2021-01-16T15:00:00Z,90,10,0,0,0,0,19,0,30267,1,0,2.0,7,-1979,999,2978,43,False,0
Jayden Bogle,DEF,Sheffield Utd,0.9,0,0,6,0,1.4,510,186,3,0,3.5,11.8,2021-01-17T14:00:00Z,90,17,0,0,0,0,19,0,6814,3,1,22.0,1,90,648,558,43,True,0
Kenny Tete,DEF,Fulham,0.4,0,0,16,0,34.3,517,171,2,0,7.4,37.2,2021-01-20T20:15:00Z,90,13,0,0,0,0,19,0,4785,2,1,2.0,1,355,578,223,43,True,0
Davy PrÃÂÃÂÃÂÃÂ¶pper,MID,Brighton,1.2,0,0,4,0,0.5,59,182,0,0,0.2,1.2,2021-01-16T15:00:00Z,9,10,0,0,0,0,19,0,2651,1,0,0.0,1,9,93,84,48,False,0
Thomas Partey,MID,Arsenal,1.9,1,0,27,1,23.5,567,179,0,0,5.1,26.2,2021-01-18T20:00:00Z,66,14,0,0,0,0,19,0,22510,0,3,1.0,6,506,1016,510,49,True,0
Pablo Fornals,MID,West Ham,7.0,0,0,3,0,12.1,450,175,0,0,1.5,2.6,2021-01-19T18:00:00Z,28,18,0,0,0,0,19,0,67560,1,2,0.0,1,1447,6508,5061,61,True,0
Adam Webster,DEF,Brighton,2.0,0,0,20,1,1.0,66,182,0,0,2.6,18.4,2021-01-16T15:00:00Z,90,10,0,0,0,0,19,0,112008,1,0,7.0,5,-7777,3074,10851,44,False,1
Shane Duffy,DEF,Brighton,0.0,0,0,0,0,0.0,58,182,0,0,0.0,0.0,2021-01-16T15:00:00Z,0,10,0,0,0,0,19,0,3026,1,0,0.0,0,3,25,22,43,False,0
Jayson Molumby,MID,Brighton,0.0,0,0,0,0,0.0,550,182,0,0,0.0,0.0,2021-01-16T15:00:00Z,0,10,0,0,0,0,19,0,1179,1,0,0.0,0,-86,28,114,45,False,0
Mateo Kovacic,MID,Chelsea,3.4,0,0,19,0,5.7,107,173,2,0,2.7,19.6,2021-01-19T20:15:00Z,90,9,0,0,0,0,19,0,19009,0,2,2.0,1,8,396,388,53,False,1
Takumi Minamino,MID,Liverpool,2.4,0,0,3,0,0.6,258,177,0,0,2.4,0.6,2021-01-21T20:00:00Z,6,4,0,0,0,0,19,0,12628,1,0,23.0,1,-240,300,540,60,True,0
Kevin Long,DEF,Burnley,-2.0,0,0,0,0,0.0,85,177,0,0,0.0,0.0,2021-01-21T20:00:00Z,0,11,0,0,0,0,19,0,13209,1,0,0.0,0,-188,184,372,43,False,0
Sofiane Boufal,MID,Southampton,0.0,0,0,0,0,0.0,372,183,0,0,0.0,0.0,2021-01-16T20:00:00Z,0,9,0,0,0,0,19,0,1795,0,2,0.0,0,-7,4,11,54,False,0
Danny Rose,DEF,Spurs,0.0,0,0,0,0,0.0,384,186,0,0,0.0,0.0,2021-01-17T14:00:00Z,0,15,0,0,0,0,19,0,11646,3,1,0.0,0,-45,5,50,47,False,0
Isaac Hayden,MID,Newcastle,1.9,0,0,9,0,2.2,336,99,2,0,1.9,14.8,2021-01-23T20:00:00Z,90,2,0,0,0,0,19,0,4459,0,2,2.0,2,24,305,281,47,False,0
Alex Nicolao Telles,DEF,Man Utd,0.9,0,0,0,0,0.0,568,171,0,0,0.0,0.0,2021-01-20T20:15:00Z,0,8,0,0,0,0,19,0,71557,2,1,0.0,0,-9521,879,10400,55,False,0
Mateusz Klich,MID,Leeds,2.8,0,0,11,0,6.8,198,182,1,0,1.2,3.2,2021-01-16T15:00:00Z,90,3,0,0,0,0,19,0,359044,1,0,2.0,2,-39125,10086,49211,55,True,0
Mark Gillespie,GK,Newcastle,-0.5,0,0,0,0,0.0,488,99,0,0,0.0,0.0,2021-01-23T20:00:00Z,0,2,0,0,0,0,19,0,6048,0,2,0.0,0,-81,47,128,44,False,0
Jack Robinson,DEF,Sheffield Utd,-0.1,0,0,0,0,0.0,352,186,0,0,0.0,0.0,2021-01-17T14:00:00Z,0,17,0,0,0,0,19,0,8690,3,1,0.0,0,-517,5,522,43,True,0
Harry Lewis,GK,Southampton,-0.5,0,0,0,0,0.0,625,183,0,0,0.0,0.0,2021-01-16T20:00:00Z,0,9,0,0,0,0,19,0,1915,0,2,0.0,0,623,781,158,40,False,0
Brandon Pierrick,MID,Crystal Palace,-1.0,0,0,0,0,0.0,147,185,0,0,0.0,0.0,2021-01-17T19:15:00Z,0,12,0,0,0,0,19,0,8339,0,4,0.0,0,74,393,319,43,False,0
Oluwasemilogo Adesewo Ibidapo Ajayi,DEF,West Brom,5.4,0,0,7,0,0.8,419,175,2,0,0.9,4.4,2021-01-19T18:00:00Z,90,19,0,0,0,0,19,0,18226,1,2,4.0,1,546,1788,1242,48,False,0
John Lundstram,MID,Sheffield Utd,0.3,0,0,7,0,5.5,355,186,3,0,1.5,8.8,2021-01-17T14:00:00Z,90,17,0,0,0,0,19,0,119560,3,1,1.0,1,-1901,328,2229,49,True,1
Mohamed Naser El Sayed Elneny,MID,Arsenal,1.7,0,0,5,0,0.9,526,179,0,0,0.6,5.0,2021-01-18T20:00:00Z,23,14,0,0,0,0,19,0,95472,0,3,0.0,1,-8098,2606,10704,44,True,0
Nampalys Mendy,MID,Leicester,1.3,0,0,0,0,0.0,518,173,0,0,0.0,0.0,2021-01-19T20:15:00Z,0,5,0,0,0,0,19,0,165277,0,2,0.0,0,-6350,9546,15896,44,True,0
John Fleck,MID,Sheffield Utd,1.7,1,1,28,0,38.8,346,186,3,0,9.0,42.2,2021-01-17T14:00:00Z,90,17,0,0,0,0,19,0,9404,3,1,9.0,6,-649,128,777,56,True,0
Charlie Austin,FWD,West Brom,0.0,0,0,0,0,0.0,415,175,0,0,0.0,0.0,2021-01-19T18:00:00Z,0,19,0,0,0,0,19,0,14306,1,2,0.0,0,-779,24,803,51,False,0
Erik Pieters,DEF,Burnley,4.0,0,0,9,0,0.2,83,177,0,0,1.7,16.4,2021-01-21T20:00:00Z,41,11,0,0,0,0,19,0,44545,1,0,0.0,1,2567,8015,5448,43,False,0
Reiss Nelson,MID,Arsenal,0.5,0,0,0,0,0.0,21,179,0,0,0.0,0.0,2021-01-18T20:00:00Z,0,14,0,0,0,0,19,0,3329,0,3,0.0,0,6,62,56,51,True,0
Ashley Barnes,FWD,Burnley,3.2,0,2,26,1,10.9,87,177,0,1,9.7,42.8,2021-01-21T20:00:00Z,90,11,0,0,0,0,19,0,27652,1,0,43.0,7,2085,6636,4551,60,False,1
Wilfred Ndidi,MID,Leicester,7.3,0,3,33,1,1.8,236,173,0,1,5.0,41.0,2021-01-19T20:15:00Z,90,5,0,0,0,0,19,0,49729,0,2,7.0,11,443,1437,994,48,True,0
Martin Dubravka,GK,Newcastle,-0.5,0,0,0,0,0.0,326,99,0,0,0.0,0.0,2021-01-23T20:00:00Z,0,2,0,0,0,0,19,0,15008,0,2,0.0,0,-741,852,1593,48,False,0
NÃÂÃÂÃÂÃÂ©lson Cabral Semedo,DEF,Wolves,1.5,0,0,17,0,4.8,546,188,3,0,4.6,20.8,2021-01-16T12:30:00Z,90,18,0,0,0,0,19,0,163543,3,2,20.0,1,-8979,3672,12651,53,True,0
Max Sanders,MID,Brighton,0.0,0,0,0,0,0.0,632,182,0,0,0.0,0.0,2021-01-16T15:00:00Z,0,10,0,0,0,0,19,0,59,1,0,0.0,0,22,31,9,45,False,0
Serge Aurier,DEF,Spurs,3.0,0,0,19,0,2.6,389,186,1,1,7.9,39.4,2021-01-17T14:00:00Z,90,15,0,0,0,0,19,0,147010,3,1,37.0,8,-13666,1533,15199,52,False,0
Ashley Westwood,MID,Burnley,2.0,0,0,15,1,11.1,89,177,0,0,3.6,25.0,2021-01-21T20:00:00Z,90,11,0,0,0,0,19,0,39361,1,0,0.0,3,-1924,1973,3897,53,False,0
Ben White,DEF,Brighton,2.0,0,0,20,1,2.3,74,182,0,0,3.6,8.0,2021-01-16T15:00:00Z,90,10,0,0,0,0,19,0,86965,1,0,26.0,6,-4888,2601,7489,44,False,0
George Baldock,DEF,Sheffield Utd,0.1,0,0,0,0,0.0,351,186,0,0,0.0,0.0,2021-01-17T14:00:00Z,0,17,0,0,0,0,19,0,76823,3,1,0.0,0,-5479,15,5494,50,True,0
Percy Tau,MID,Brighton,1.5,0,0,2,0,0.1,627,182,0,0,0.1,1.2,2021-01-16T15:00:00Z,17,10,0,0,0,0,19,0,3437,1,0,0.0,1,2248,2641,393,55,False,0
Terence Kongolo,DEF,Fulham,-2.0,0,0,0,0,0.0,585,171,0,0,0.0,0.0,2021-01-20T20:15:00Z,0,13,0,0,0,0,19,0,224,2,1,0.0,0,20,49,29,43,True,0
Bernardo Fernandes da Silva Junior,DEF,Brighton,0.8,0,0,0,0,0.0,75,182,0,0,0.0,0.0,2021-01-16T15:00:00Z,0,10,0,0,0,0,19,0,562939,1,0,0.0,0,-9892,13020,22912,39,False,0
RÃÂÃÂÃÂÃÂºben Diogo da Silva Neves,MID,Wolves,4.9,0,0,11,0,0.8,466,188,3,0,1.2,1.8,2021-01-16T12:30:00Z,59,18,0,0,0,0,19,0,115926,3,2,9.0,1,12024,18462,6438,52,True,0
Mathew Ryan,GK,Brighton,0.0,0,0,0,0,0.0,70,182,0,0,0.0,0.0,2021-01-16T15:00:00Z,0,10,0,0,0,0,19,0,660886,1,0,0.0,0,-46755,12576,59331,42,False,0
Ben Mee,DEF,Burnley,9.2,0,1,25,1,0.0,88,177,0,0,3.8,37.6,2021-01-21T20:00:00Z,90,11,0,0,0,0,19,0,133175,1,0,0.0,7,-4785,14841,19626,49,False,0
Yan Valery,DEF,Southampton,0.0,0,0,-1,0,1.3,378,183,1,0,0.1,0.0,2021-01-16T20:00:00Z,3,9,0,0,0,0,19,0,4846,0,2,0.0,1,-17,53,70,47,False,0
Gareth Bale,MID,Spurs,0.5,0,0,0,0,0.0,543,186,0,0,0.0,0.0,2021-01-17T14:00:00Z,0,15,0,0,0,0,19,0,21251,3,1,0.0,0,-299,241,540,93,False,0
Oleksandr Zinchenko,DEF,Man City,10.8,0,0,23,1,3.9,283,380,0,0,1.0,6.2,2021-01-20T18:00:00Z,62,2,0,0,0,0,19,0,23121,0,2,0.0,6,3572,4530,958,55,True,0
Ross Barkley,MID,Aston Villa,1.0,0,0,6,1,28.4,106,99,0,0,4.2,2.8,2021-01-23T20:00:00Z,79,14,0,0,0,0,19,0,61441,0,2,11.0,3,-2908,166,3074,59,True,0
Paul Pogba,MID,Man Utd,11.1,0,3,33,0,15.4,296,171,1,1,7.6,54.0,2021-01-20T20:15:00Z,90,8,0,0,0,0,19,0,143304,2,1,7.0,9,31239,37614,6375,77,False,1
Harry Wilson,MID,Liverpool,0.0,0,0,0,0,0.0,257,177,0,0,0.0,0.0,2021-01-21T20:00:00Z,0,4,0,0,0,0,19,0,2027,1,0,0.0,0,-7,3,10,51,True,0
Leighton Clarkson,MID,Liverpool,2.0,0,0,0,0,0.0,601,177,0,0,0.0,0.0,2021-01-21T20:00:00Z,0,4,0,0,0,0,19,0,344,1,0,0.0,0,-7,17,24,45,True,0
Lee Grant,GK,Man Utd,0.5,0,0,0,0,0.0,604,171,0,0,0.0,0.0,2021-01-20T20:15:00Z,0,8,0,0,0,0,19,0,5317,2,1,0.0,0,86,533,447,40,False,0
Reda Khadra,MID,Brighton,0.5,0,0,0,0,0.0,630,182,0,0,0.0,0.0,2021-01-16T15:00:00Z,0,10,0,0,0,0,19,0,88,1,0,0.0,0,63,77,14,45,False,0
Vladimir Coufal,DEF,West Ham,8.6,1,1,23,0,28.1,558,175,1,0,6.8,29.4,2021-01-19T18:00:00Z,90,18,0,0,0,0,19,0,598646,1,2,10.0,6,161435,183981,22546,47,True,0
Nathan Tella,MID,Southampton,-0.2,0,0,0,0,0.0,524,183,0,0,0.0,0.0,2021-01-16T20:00:00Z,0,9,0,0,0,0,19,0,29135,0,2,0.0,0,-1139,111,1250,44,False,0
Jason Steele,GK,Brighton,0.0,0,0,0,0,0.0,528,182,0,0,0.0,0.0,2021-01-16T15:00:00Z,0,10,0,0,0,0,19,0,58317,1,0,0.0,0,-1789,2145,3934,40,False,0
Jorge Luiz Frello Filho,MID,Chelsea,2.6,0,0,0,0,0.0,105,173,0,0,0.0,0.0,2021-01-19T20:15:00Z,0,9,0,0,0,0,19,0,315251,0,2,0.0,0,-6928,9860,16788,47,False,0
Albian Ajeti,FWD,West Ham,0.0,0,0,0,0,0.0,447,175,0,0,0.0,0.0,2021-01-19T18:00:00Z,0,18,0,0,0,0,19,0,548,1,2,0.0,0,6,9,3,55,True,0
Bjorn Engels,DEF,Aston Villa,-1.0,0,0,0,0,0.0,36,99,0,0,0.0,0.0,2021-01-23T20:00:00Z,0,14,0,0,0,0,19,0,5119,0,2,0.0,0,1,82,81,44,True,0
Maxime Le Marchand,DEF,Fulham,-2.0,0,0,0,0,0.0,173,171,0,0,0.0,0.0,2021-01-20T20:15:00Z,0,13,0,0,0,0,19,0,5425,2,1,0.0,0,-120,51,171,42,True,0
Emil Krafth,DEF,Newcastle,-0.1,0,0,0,0,0.0,333,99,0,0,0.0,0.0,2021-01-23T20:00:00Z,0,2,0,0,0,0,19,0,4487,0,2,0.0,0,-111,31,142,43,False,0
Bruno AndrÃÂÃÂÃÂÃÂ© Cavaco Jordao,MID,Wolves,0.0,0,0,0,0,0.0,475,188,0,0,0.0,0.0,2021-01-16T12:30:00Z,0,18,0,0,0,0,19,0,17877,3,2,0.0,0,-298,428,726,43,True,0
Henri Lansbury,MID,Aston Villa,0.0,0,0,0,0,0.0,30,99,0,0,0.0,0.0,2021-01-23T20:00:00Z,0,14,0,0,0,0,19,0,8147,0,2,0.0,0,-200,78,278,43,True,0
Mahmoud Ahmed Ibrahim Hassan,MID,Aston Villa,0.0,0,0,-2,0,0.3,40,99,0,0,2.1,2.0,2021-01-23T20:00:00Z,10,14,0,0,0,0,19,0,36420,0,2,19.0,1,-712,15,727,52,True,0
Ruben Loftus-Cheek,MID,Fulham,0.0,0,0,6,0,18.9,115,171,2,0,5.3,8.6,2021-01-20T20:15:00Z,90,13,0,0,0,0,19,0,13081,2,1,25.0,2,-845,105,950,59,True,0
Jensen Weir,MID,Brighton,0.0,0,0,0,0,0.0,633,182,0,0,0.0,0.0,2021-01-16T15:00:00Z,0,10,0,0,0,0,19,0,64,1,0,0.0,0,39,54,15,45,False,0
Dean Henderson,GK,Man Utd,0.5,0,0,0,0,0.0,305,171,0,0,0.0,0.0,2021-01-20T20:15:00Z,0,8,0,0,0,0,19,0,107231,2,1,0.0,0,-942,140,1082,52,False,0
Mario Lemina,MID,Fulham,-0.4,0,0,4,0,10.3,493,171,0,0,1.4,2.6,2021-01-20T20:15:00Z,11,13,0,0,0,0,19,0,20721,2,1,1.0,1,-1074,82,1156,45,True,0
Heung-Min Son,MID,Spurs,6.3,1,0,17,0,41.9,390,186,1,0,9.7,20.6,2021-01-17T14:00:00Z,90,15,0,0,0,0,19,0,4372039,3,1,34.0,5,-473686,38008,511694,97,False,0
Jan Bednarek,DEF,Southampton,5.5,0,0,13,0,0.8,376,183,2,0,2.4,22.8,2021-01-16T20:00:00Z,90,9,0,0,0,0,19,0,969831,0,2,0.0,1,-10974,80121,91095,49,False,0
Danny Ings,FWD,Southampton,0.6,0,0,0,0,0.0,366,183,0,0,0.0,0.0,2021-01-16T20:00:00Z,0,9,0,0,0,0,19,0,503740,0,2,0.0,0,14177,89469,75292,83,False,0
Leif Davis,DEF,Leeds,0.0,0,0,0,0,0.0,214,182,0,0,0.0,0.0,2021-01-16T15:00:00Z,0,3,0,0,0,0,19,0,98438,1,0,0.0,0,-2228,1239,3467,39,True,0
Barry Douglas,DEF,Leeds,0.0,0,0,0,0,0.0,196,182,0,0,0.0,0.0,2021-01-16T15:00:00Z,0,3,0,0,0,0,19,0,348499,1,0,0.0,0,-10188,8520,18708,38,True,0
Phil Bardsley,DEF,Burnley,-2.0,0,0,0,0,0.0,82,177,0,0,0.0,0.0,2021-01-21T20:00:00Z,0,11,0,0,0,0,19,0,13713,1,0,0.0,0,-248,172,420,44,False,0
Andreas SÃÂÃÂÃÂÃÂ¶ndergaard,GK,Wolves,0.5,0,0,0,0,0.0,617,188,0,0,0.0,0.0,2021-01-16T12:30:00Z,0,18,0,0,0,0,19,0,20399,3,2,0.0,0,4960,6620,1660,40,True,0
Willy Caballero,GK,Chelsea,1.0,0,0,0,0,0.0,101,173,0,0,0.0,0.0,2021-01-19T20:15:00Z,0,9,0,0,0,0,19,0,15789,0,2,0.0,0,-103,66,169,47,False,0
Eric Garcia,DEF,Man City,1.5,0,0,0,0,0.0,288,380,0,0,0.0,0.0,2021-01-20T18:00:00Z,0,2,0,0,0,0,19,0,11777,0,2,0.0,0,-97,42,139,47,True,0
Tyrone Mings,DEF,Aston Villa,1.4,0,0,26,1,0.3,41,99,0,0,2.9,24.2,2021-01-23T20:00:00Z,90,14,0,0,0,0,19,0,688736,0,2,4.0,6,-25483,12268,37751,54,True,0
Bobby Decordova-Reid,FWD,Fulham,0.0,0,0,0,0,0.0,181,171,0,0,0.0,0.0,2021-01-20T20:15:00Z,0,13,0,0,0,0,19,0,94254,2,1,0.0,0,23585,36839,13254,53,True,0
Thiago Thiago,DEF,Chelsea,4.2,0,0,15,0,1.4,490,173,2,0,5.5,21.0,2021-01-19T20:15:00Z,90,9,0,0,0,0,19,0,321969,0,2,33.0,1,-38,13031,13069,56,False,0
Ben Gibson,DEF,Burnley,0.0,0,0,0,0,0.0,94,177,0,0,0.0,0.0,2021-01-21T20:00:00Z,0,11,0,0,0,0,19,0,9743,1,0,0.0,0,-178,129,307,39,False,0
Mamadou Sakho,DEF,Crystal Palace,0.0,0,0,0,0,0.0,127,185,0,0,0.0,0.0,2021-01-17T19:15:00Z,0,12,0,0,0,0,19,0,13685,0,4,0.0,0,-457,13,470,44,False,0
Alfie Mawson,DEF,Fulham,0.0,0,0,0,0,0.0,185,171,0,0,0.0,0.0,2021-01-20T20:15:00Z,0,13,0,0,0,0,19,0,627,2,1,0.0,0,-6,5,11,43,True,0
Sean Longstaff,MID,Newcastle,0.9,0,0,0,0,0.0,480,99,0,0,0.0,0.0,2021-01-23T20:00:00Z,0,2,0,0,0,0,19,0,7535,0,2,0.0,0,-175,404,579,47,False,0
Francisco Casilla CortÃÂÃÂÃÂÃÂ©s,GK,Leeds,0.5,0,0,12,0,0.0,194,182,1,0,0.8,8.0,2021-01-16T15:00:00Z,90,3,0,0,0,0,19,1,69106,1,0,0.0,2,-1287,560,1847,42,True,0
Luke Cundle,MID,Wolves,0.5,0,0,0,0,0.0,614,188,0,0,0.0,0.0,2021-01-16T12:30:00Z,0,18,0,0,0,0,19,0,653,3,2,0.0,0,13,101,88,45,True,0
Michy Batshuayi,FWD,Crystal Palace,-0.6,0,0,3,0,0.1,108,185,1,0,0.0,0.2,2021-01-17T19:15:00Z,11,12,0,0,0,0,19,0,46304,0,4,0.0,1,-450,625,1075,57,False,0
Ademipo Odubeko,FWD,West Ham,3.2,0,0,0,0,0.0,638,175,0,0,0.0,0.0,2021-01-19T18:00:00Z,0,18,0,0,0,0,19,0,0,1,2,0.0,0,0,0,0,45,True,0
David Button,GK,West Brom,-0.2,0,0,0,0,0.0,56,175,0,0,0.0,0.0,2021-01-19T18:00:00Z,0,19,0,0,0,0,19,0,321581,1,2,0.0,0,-11414,5220,16634,40,False,0
Denis Odoi,DEF,Fulham,-2.0,0,0,0,0,0.0,525,171,0,0,0.0,0.0,2021-01-20T20:15:00Z,0,13,0,0,0,0,19,0,4685,2,1,0.0,0,1,123,122,42,True,0
Ademola Lookman,MID,Fulham,5.6,0,0,26,0,0.9,557,171,2,1,11.6,46.0,2021-01-20T20:15:00Z,90,13,0,0,0,0,19,0,104589,2,1,69.0,7,6474,22720,16246,50,True,0
Raphael Dias Belloli,MID,Leeds,3.8,0,0,9,0,16.5,570,182,1,0,2.6,9.8,2021-01-16T15:00:00Z,74,3,0,0,0,0,19,0,127644,1,0,0.0,2,-18455,13743,32198,55,True,0
Angus Gunn,GK,Southampton,0.0,0,0,0,0,0.0,371,183,0,0,0.0,0.0,2021-01-16T20:00:00Z,0,9,0,0,0,0,19,0,9075,0,2,0.0,0,-174,10,184,43,False,0
Christian Atsu,MID,Newcastle,0.0,0,0,0,0,0.0,330,99,0,0,0.0,0.0,2021-01-23T20:00:00Z,0,2,0,0,0,0,19,0,2353,0,2,0.0,0,-13,2,15,52,False,0
Matteo Guendouzi,MID,Arsenal,0.0,0,0,0,0,0.0,25,179,0,0,0.0,0.0,2021-01-18T20:00:00Z,0,14,0,0,0,0,19,0,4772,0,3,0.0,0,-28,4,32,47,True,0
Erik Lamela,MID,Spurs,1.0,0,0,0,0,0.0,387,186,0,0,0.0,0.0,2021-01-17T14:00:00Z,0,15,0,0,0,0,19,0,8650,3,1,0.0,0,-39,57,96,57,False,0
Allan Saint-Maximin,MID,Newcastle,0.0,0,0,3,0,1.2,338,99,0,0,0.2,1.2,2021-01-23T20:00:00Z,19,2,0,0,0,0,19,0,195641,0,2,0.0,1,-5066,217,5283,51,False,0
Timothy Castagne,DEF,Leicester,6.5,0,0,19,1,12.3,498,173,0,0,2.7,13.0,2021-01-19T20:15:00Z,90,5,0,0,0,0,19,0,375478,0,2,2.0,6,-326,8684,9010,57,True,0
Gedson Carvalho Fernandes,MID,Spurs,0.5,0,0,0,0,0.0,401,186,0,0,0.0,0.0,2021-01-17T14:00:00Z,0,15,0,0,0,0,19,0,5672,3,1,0.0,0,-45,53,98,47,False,0
Lucas Rodrigues Moura da Silva,MID,Spurs,1.0,0,0,4,0,3.0,392,186,0,0,0.5,2.4,2021-01-17T14:00:00Z,3,15,0,0,0,0,19,0,86136,3,1,0.0,1,-663,288,951,67,False,0
Sam Woods,DEF,Crystal Palace,-1.0,0,0,0,0,0.0,522,185,0,0,0.0,0.0,2021-01-17T19:15:00Z,0,12,0,0,0,0,19,0,46457,0,4,0.0,0,-1013,482,1495,40,False,0
Miguel AlmirÃÂÃÂÃÂÃÂ³n,MID,Newcastle,2.5,0,0,10,0,26.8,339,99,2,0,4.9,15.2,2021-01-23T20:00:00Z,80,2,0,0,0,0,19,0,31644,0,2,7.0,2,-3356,602,3958,56,False,0
David Martin,GK,West Ham,1.0,0,0,0,0,0.0,429,175,0,0,0.0,0.0,2021-01-19T18:00:00Z,0,18,0,0,0,0,19,0,526425,1,2,0.0,0,-23356,4965,28321,40,True,0
Theo Corbeanu,MID,Wolves,0.5,0,0,0,0,0.0,610,188,0,0,0.0,0.0,2021-01-16T12:30:00Z,0,18,0,0,0,0,19,0,244,3,2,0.0,0,-2,16,18,45,True,0
Harry Kane,FWD,Spurs,8.3,0,3,41,0,50.3,388,186,1,1,15.5,55.6,2021-01-17T14:00:00Z,90,15,0,0,0,0,19,0,3221390,3,1,49.0,9,-208661,86391,295052,111,False,0
Daniel Amartey,DEF,Leicester,1.3,0,0,0,0,0.0,227,173,0,0,0.0,0.0,2021-01-19T20:15:00Z,0,5,0,0,0,0,19,0,79699,0,2,0.0,0,287,3849,3562,39,True,0
John McGinn,MID,Aston Villa,2.2,0,0,0,0,0.0,38,99,0,0,0.0,0.0,2021-01-23T20:00:00Z,0,14,0,0,0,0,19,0,104877,0,2,0.0,0,-2322,6796,9118,55,True,0
Teden Mengi,DEF,Man Utd,0.5,0,0,0,0,0.0,319,171,0,0,0.0,0.0,2021-01-20T20:15:00Z,0,8,0,0,0,0,19,0,70524,2,1,0.0,0,-2041,922,2963,39,False,0
Paul Dummett,DEF,Newcastle,0.1,0,0,0,0,0.0,331,99,0,0,0.0,0.0,2021-01-23T20:00:00Z,0,2,0,0,0,0,19,0,1537,0,2,0.0,0,70,215,145,44,False,0
Benjamin Mendy,DEF,Man City,2.0,0,0,0,0,0.0,274,380,0,0,0.0,0.0,2021-01-20T18:00:00Z,0,2,0,0,0,0,19,0,115845,0,2,0.0,0,-6497,887,7384,59,True,0
Edinson Cavani,FWD,Man Utd,5.9,0,1,29,0,2.4,569,171,1,1,7.8,39.8,2021-01-20T20:15:00Z,90,8,0,0,0,0,19,0,221262,2,1,36.0,7,89570,107271,17701,78,False,0
Cheikhou KouyatÃÂÃÂÃÂÃÂ©,MID,Crystal Palace,1.0,0,0,0,0,0.0,133,185,0,0,0.0,0.0,2021-01-17T19:15:00Z,0,12,0,0,0,0,19,0,32976,0,4,0.0,0,-1568,971,2539,50,False,0
Juan Foyth,DEF,Spurs,0.0,0,0,0,0,0.0,406,186,0,0,0.0,0.0,2021-01-17T14:00:00Z,0,15,0,0,0,0,19,0,4581,3,1,0.0,0,-17,7,24,43,False,0
Mason Mount,MID,Chelsea,8.6,0,0,15,0,57.4,120,173,2,0,8.7,29.0,2021-01-19T20:15:00Z,90,9,0,0,0,0,19,0,404660,0,2,1.0,2,15882,41728,25846,68,False,0
Chris Smalling,DEF,Man Utd,0.0,0,0,0,0,0.0,292,171,0,0,0.0,0.0,2021-01-20T20:15:00Z,0,8,0,0,0,0,19,0,6671,2,1,0.0,0,-13,4,17,49,False,0
Ederson Santana de Moraes,GK,Man City,12.0,0,0,27,1,0.0,278,380,0,0,2.0,20.4,2021-01-20T18:00:00Z,90,2,0,0,0,0,19,4,543376,0,2,0.0,7,74840,93032,18192,60,True,0
Felix Nmecha,MID,Man City,2.0,0,0,0,0,0.0,609,380,0,0,0.0,0.0,2021-01-20T18:00:00Z,0,2,0,0,0,0,19,0,176,0,2,0.0,0,5,28,23,45,True,0
James McArthur,MID,Crystal Palace,2.4,0,0,10,0,11.8,130,185,4,0,2.4,12.0,2021-01-17T19:15:00Z,90,12,0,0,0,0,19,0,9381,0,4,0.0,2,-168,319,487,52,False,0
Leandro Trossard,MID,Brighton,3.8,0,0,3,1,2.4,69,182,0,0,1.2,1.4,2021-01-16T15:00:00Z,72,10,0,0,0,0,19,0,50808,1,0,8.0,3,-587,2620,3207,57,False,0
Diogo Jota,MID,Liverpool,0.0,0,0,0,0,0.0,468,177,0,0,0.0,0.0,2021-01-21T20:00:00Z,0,4,0,0,0,0,19,0,208858,1,0,0.0,0,-9977,285,10262,66,True,0
Ben Johnson,DEF,West Ham,3.8,0,0,0,0,0.0,452,175,0,0,0.0,0.0,2021-01-19T18:00:00Z,0,18,0,0,0,0,19,0,254856,1,2,0.0,0,-4250,17675,21925,39,True,0
Ben Osborn,MID,Sheffield Utd,1.3,0,0,0,0,0.0,356,186,0,0,0.0,0.0,2021-01-17T14:00:00Z,0,17,0,0,0,0,19,0,2254,3,1,0.0,0,-91,66,157,48,True,0
Florin Andone,FWD,Brighton,0.0,0,0,0,0,0.0,64,182,0,0,0.0,0.0,2021-01-16T15:00:00Z,0,10,0,0,0,0,19,0,5324,1,0,0.0,0,-29,75,104,48,False,0
Christian Walton,GK,Brighton,0.0,0,0,0,0,0.0,503,182,0,0,0.0,0.0,2021-01-16T15:00:00Z,0,10,0,0,0,0,19,0,102734,1,0,0.0,0,1510,5082,3572,40,False,0
Cedric Kipre,DEF,West Brom,-1.0,0,0,0,0,0.0,499,175,0,0,0.0,0.0,2021-01-19T18:00:00Z,0,19,0,0,0,0,19,0,3531,1,2,0.0,0,-16,46,62,43,False,0
Rodrigo Hernandez,MID,Man City,7.6,1,3,33,1,51.4,286,380,0,0,14.5,54.8,2021-01-20T18:00:00Z,90,2,0,0,0,0,19,0,35231,0,2,39.0,9,-12,1170,1182,54,True,0
Robert Snodgrass,MID,West Brom,-0.2,0,0,0,0,0.0,428,175,0,0,0.0,0.0,2021-01-19T18:00:00Z,0,19,0,0,0,0,19,0,6389,1,2,0.0,0,606,842,236,57,False,0
Andreas Christensen,DEF,Chelsea,1.8,0,0,0,0,0.0,116,173,0,0,0.0,0.0,2021-01-19T20:15:00Z,0,9,0,0,0,0,19,0,16053,0,2,0.0,0,-110,139,249,47,False,0
Steven Bergwijn,MID,Spurs,3.5,1,0,13,0,17.0,400,186,1,0,5.2,23.2,2021-01-17T14:00:00Z,86,15,0,0,0,0,19,0,31198,3,1,12.0,5,-1894,333,2227,70,False,0
Tariq Lamptey,DEF,Brighton,0.0,0,0,0,0,0.0,77,182,0,0,0.0,0.0,2021-01-16T15:00:00Z,0,10,0,0,0,0,19,0,319542,1,0,0.0,0,-61471,290,61761,47,False,0
Robin Koch,DEF,Leeds,0.0,0,0,0,0,0.0,491,182,0,0,0.0,0.0,2021-01-16T15:00:00Z,0,3,0,0,0,0,19,0,25097,1,0,0.0,0,-790,53,843,44,True,0
Fabio Silva,FWD,Wolves,3.1,0,1,25,0,19.8,504,188,3,1,12.6,33.0,2021-01-16T12:30:00Z,90,18,0,0,0,0,19,0,113342,3,2,73.0,6,8763,27672,18909,52,True,1
Marcus Bettinelli,GK,Fulham,0.0,0,0,0,0,0.0,183,171,0,0,0.0,0.0,2021-01-20T20:15:00Z,0,13,0,0,0,0,19,0,2150,2,1,0.0,0,-38,11,49,43,True,0
Fernando MarÃÂÃÂÃÂÃÂ§al,DEF,Wolves,0.0,0,0,0,0,0.0,505,188,0,0,0.0,0.0,2021-01-16T12:30:00Z,0,18,0,0,0,0,19,0,8079,3,2,0.0,0,-646,12,658,48,True,0
CÃÂÃÂÃÂÃÂ©sar Azpilicueta,DEF,Chelsea,3.8,0,0,0,0,0.0,102,173,0,0,0.0,0.0,2021-01-19T20:15:00Z,0,9,0,0,0,0,19,0,191979,0,2,0.0,0,-721,1387,2108,56,False,0
Joachim Andersen,DEF,Fulham,3.0,0,0,17,0,0.5,571,171,2,0,2.8,27.4,2021-01-20T20:15:00Z,90,13,0,0,0,0,19,0,3011,2,1,0.0,1,134,350,216,45,True,0
Matt Targett,DEF,Aston Villa,9.8,1,3,41,1,6.6,42,99,0,0,3.5,21.8,2021-01-23T20:00:00Z,90,14,0,0,0,0,19,0,381635,0,2,7.0,12,22529,60462,37933,46,True,0
James Trafford,GK,Man City,2.0,0,0,0,0,0.0,595,380,0,0,0.0,0.0,2021-01-20T18:00:00Z,0,2,0,0,0,0,19,0,8687,0,2,0.0,0,-129,573,702,40,True,0
Chris Wood,FWD,Burnley,2.0,0,0,4,1,13.3,91,177,0,0,1.9,2.0,2021-01-21T20:00:00Z,90,11,0,0,0,0,19,0,151766,1,0,4.0,2,-4344,23336,27680,62,False,0
Nick Pope,GK,Burnley,8.4,0,3,38,1,0.0,96,177,0,0,4.9,48.8,2021-01-21T20:00:00Z,90,11,0,0,0,0,19,6,828354,1,0,0.0,11,-3312,28184,31496,54,False,0
Daniel Castelo Podence,MID,Wolves,0.0,0,0,0,0,0.0,469,188,0,0,0.0,0.0,2021-01-16T12:30:00Z,0,18,0,0,0,0,19,0,164086,3,2,0.0,0,-106313,152,106465,54,True,0
Joseph Gomez,DEF,Liverpool,0.0,0,0,0,0,0.0,260,177,0,0,0.0,0.0,2021-01-21T20:00:00Z,0,4,0,0,0,0,19,0,91374,1,0,0.0,0,-668,29,697,52,True,0
Lucas Torreira,MID,Arsenal,0.0,0,0,0,0,0.0,19,179,0,0,0.0,0.0,2021-01-18T20:00:00Z,0,14,0,0,0,0,19,0,6618,0,3,0.0,0,-27,1,28,47,True,0
Matt Macey,GK,Arsenal,0.0,0,0,0,0,0.0,527,179,0,0,0.0,0.0,2021-01-18T20:00:00Z,0,14,0,0,0,0,19,0,122179,0,3,0.0,0,-12165,153,12318,40,True,0
Matt Phillips,MID,West Brom,1.0,0,0,0,0,0.0,411,175,0,0,0.0,0.0,2021-01-19T18:00:00Z,0,19,0,0,0,0,19,0,4013,1,2,0.0,0,49,213,164,51,False,0
Scott Dann,DEF,Crystal Palace,-0.8,0,0,0,0,0.0,486,185,0,0,0.0,0.0,2021-01-17T19:15:00Z,0,12,0,0,0,0,19,0,43834,0,4,0.0,0,-3848,174,4022,43,False,0
Ainsley Maitland-Niles,DEF,Arsenal,2.1,0,0,0,0,0.0,15,179,0,0,0.0,0.0,2021-01-18T20:00:00Z,0,14,0,0,0,0,19,0,61245,0,3,0.0,0,-613,1128,1741,46,True,0
Kieran Gibbs,DEF,West Brom,0.6,0,0,20,0,27.2,407,175,2,0,4.3,14.2,2021-01-19T18:00:00Z,90,19,0,0,0,0,19,0,14518,1,2,2.0,1,-278,241,519,43,False,0
Xherdan Shaqiri,MID,Liverpool,4.0,0,0,14,0,35.5,247,177,1,0,8.6,11.4,2021-01-21T20:00:00Z,83,4,0,0,0,0,19,0,4750,1,0,39.0,2,300,455,155,64,True,0
Stuart Dallas,DEF,Leeds,5.2,0,0,13,0,3.1,200,182,1,0,1.3,8.2,2021-01-16T15:00:00Z,90,3,0,0,0,0,19,0,1135672,1,0,2.0,2,-24687,93339,118026,48,True,0
Alexis Mac Allister,MID,Brighton,2.0,1,0,21,1,25.3,80,182,0,0,5.0,19.0,2021-01-16T15:00:00Z,61,10,0,0,0,0,19,0,2885,1,0,6.0,6,1,65,64,53,False,0
Sead Kolasinac,DEF,Arsenal,0.0,0,0,0,0,0.0,14,179,0,0,0.0,0.0,2021-01-18T20:00:00Z,0,14,0,0,0,0,19,0,9886,0,3,0.0,0,-138,1,139,48,True,0
Arthur Masuaku,DEF,West Ham,0.0,0,0,0,0,0.0,442,175,0,0,0.0,0.0,2021-01-19T18:00:00Z,0,18,0,0,0,0,19,0,41525,1,2,0.0,0,-4040,33,4073,44,True,0
Connor Wickham,FWD,Crystal Palace,0.0,0,0,0,0,0.0,136,185,0,0,0.0,0.0,2021-01-17T19:15:00Z,0,12,0,0,0,0,19,0,57568,0,4,0.0,0,5163,9185,4022,44,False,0
Scott Carson,GK,Man City,0.0,0,0,0,0,0.0,608,380,0,0,0.0,0.0,2021-01-20T18:00:00Z,0,2,0,0,0,0,19,0,2229,0,2,0.0,0,-233,73,306,40,True,0
DeAndre Yedlin,DEF,Newcastle,2.9,0,0,0,0,0.0,335,99,0,0,0.0,0.0,2021-01-23T20:00:00Z,0,2,0,0,0,0,19,0,35081,0,2,0.0,0,994,5747,4753,43,False,0
Glenn Murray,FWD,Brighton,0.0,0,0,0,0,0.0,53,182,0,0,0.0,0.0,2021-01-16T15:00:00Z,0,10,0,0,0,0,19,0,6910,1,0,0.0,0,-47,41,88,48,False,0
Vicente Guaita,GK,Crystal Palace,4.8,0,0,13,0,0.0,128,185,4,0,1.8,17.8,2021-01-17T19:15:00Z,90,12,0,0,0,0,19,2,235391,0,4,0.0,0,-14820,8767,23587,48,False,0
Luke Shaw,DEF,Man Utd,7.9,0,0,13,0,37.7,300,171,1,0,7.8,14.2,2021-01-20T20:15:00Z,90,8,0,0,0,0,19,0,132332,2,1,26.0,2,26688,39168,12480,48,False,0
Michael Verrips,GK,Sheffield Utd,-0.5,0,0,0,0,0.0,580,186,0,0,0.0,0.0,2021-01-17T14:00:00Z,0,17,0,0,0,0,19,0,28469,3,1,0.0,0,-522,1531,2053,40,True,0
Alex Oxlade-Chamberlain,MID,Liverpool,3.2,0,0,-1,0,2.8,248,177,0,0,1.5,3.0,2021-01-21T20:00:00Z,56,4,0,0,0,0,19,0,3763,1,0,9.0,1,-21,235,256,63,True,0
Fraser Forster,GK,Southampton,1.0,0,0,0,0,0.0,523,183,0,0,0.0,0.0,2021-01-16T20:00:00Z,0,9,0,0,0,0,19,0,490524,0,2,0.0,0,77260,99485,22225,40,False,0
Kean Bryan,DEF,Sheffield Utd,-0.3,0,0,7,0,0.3,603,186,0,0,0.6,6.0,2021-01-17T14:00:00Z,23,17,0,0,0,0,19,0,15970,3,1,0.0,1,-1042,1200,2242,39,True,0
Moussa Sissoko,MID,Spurs,1.5,0,0,0,0,0.0,385,186,0,0,0.0,0.0,2021-01-17T14:00:00Z,0,15,0,0,0,0,19,0,37379,3,1,0.0,0,-1060,1117,2177,48,False,0
Kurt Zouma,DEF,Chelsea,1.8,0,0,0,0,0.0,110,173,0,0,0.0,0.0,2021-01-19T20:15:00Z,0,9,0,0,0,0,19,0,1682489,0,2,0.0,0,-35229,59653,94882,58,False,0
Patrick Cutrone,FWD,Wolves,1.5,0,0,2,0,0.0,626,188,0,0,0.2,0.0,2021-01-16T12:30:00Z,11,18,0,0,0,0,19,0,1989,3,2,4.0,1,503,1199,696,60,True,0
Stephen Henderson,GK,Crystal Palace,-1.0,0,0,0,0,0.0,578,185,0,0,0.0,0.0,2021-01-17T19:15:00Z,0,12,0,0,0,0,19,0,42453,0,4,0.0,0,-249,2107,2356,40,False,0
Mbwana Samatta,FWD,Aston Villa,0.0,0,0,0,0,0.0,49,99,0,0,0.0,0.0,2021-01-23T20:00:00Z,0,14,0,0,0,0,19,0,2860,0,2,0.0,0,-7,3,10,59,True,0
Ben Davies,DEF,Spurs,4.0,0,0,13,0,11.6,395,186,1,0,3.2,20.2,2021-01-17T14:00:00Z,90,15,0,0,0,0,19,0,66855,3,1,0.0,2,-7300,1307,8607,46,False,0
Daniel James,MID,Man Utd,1.1,0,0,0,0,0.0,311,171,0,0,0.0,0.0,2021-01-20T20:15:00Z,0,8,0,0,0,0,19,0,18483,2,1,0.0,0,-309,177,486,62,False,0
Charlie Taylor,DEF,Burnley,-0.2,0,0,6,0,0.3,97,177,0,0,1.2,11.6,2021-01-21T20:00:00Z,48,11,0,0,0,0,19,0,256442,1,0,0.0,1,-101760,1172,102932,45,False,0
Marc Albrighton,MID,Leicester,6.5,1,0,22,1,38.9,221,173,0,0,7.8,30.4,2021-01-19T20:15:00Z,76,5,0,0,0,0,19,0,10154,0,2,9.0,6,679,1065,386,53,True,0
Cyrus Christie,DEF,Fulham,0.0,0,0,0,0,0.0,179,171,0,0,0.0,0.0,2021-01-20T20:15:00Z,0,13,0,0,0,0,19,0,2352,2,1,0.0,0,-17,22,39,42,True,0
Lys Mousset,FWD,Sheffield Utd,0.5,0,0,0,0,0.0,359,186,0,0,0.0,0.0,2021-01-17T14:00:00Z,0,17,0,0,0,0,19,0,5619,3,1,0.0,0,-130,212,342,58,True,0
David de Gea,GK,Man Utd,10.5,0,0,18,0,0.0,291,171,1,0,3.1,31.0,2021-01-20T20:15:00Z,90,8,0,0,0,0,19,4,366906,2,1,0.0,3,12095,32135,20040,53,False,0
Willy Boly,DEF,Wolves,2.2,1,2,35,0,10.8,458,188,3,1,15.4,68.8,2021-01-16T12:30:00Z,90,18,0,0,0,0,19,0,107161,3,2,74.0,12,-5356,86,5442,54,True,0
Conor Gallagher,MID,West Brom,0.0,0,0,13,0,13.3,544,175,2,0,4.9,12.2,2021-01-19T18:00:00Z,90,19,0,0,0,0,19,0,5352,1,2,23.0,1,-1227,51,1278,55,False,1
Dwight McNeil,MID,Burnley,0.0,0,0,12,1,18.3,100,177,0,0,4.7,20.8,2021-01-21T20:00:00Z,90,11,0,0,0,0,19,0,24161,1,0,8.0,3,-27,403,430,57,False,0
Kalvin Phillips,MID,Leeds,0.0,0,0,0,0,0.0,204,182,0,0,0.0,0.0,2021-01-16T15:00:00Z,0,3,0,0,0,0,19,0,85667,1,0,0.0,0,-6166,65,6231,49,True,0
Matthew Clarke,DEF,Brighton,0.0,0,0,0,0,0.0,73,182,0,0,0.0,0.0,2021-01-16T15:00:00Z,0,10,0,0,0,0,19,0,376,1,0,0.0,0,4,19,15,44,False,0
Tom Cairney,MID,Fulham,-0.5,0,0,0,0,0.0,175,171,0,0,0.0,0.0,2021-01-20T20:15:00Z,0,13,0,0,0,0,19,0,8343,2,1,0.0,0,-413,39,452,52,True,0
Joel Mumbongo,FWD,Burnley,-2.0,0,0,0,0,0.0,613,177,0,0,0.0,0.0,2021-01-21T20:00:00Z,0,11,0,0,0,0,19,0,1191,1,0,0.0,0,106,355,249,45,False,0
Grady Diangana,MID,West Brom,1.0,0,0,0,0,0.0,446,175,0,0,0.0,0.0,2021-01-19T18:00:00Z,0,19,0,0,0,0,19,0,16751,1,2,0.0,0,-82,546,628,51,False,0
Pascal GroÃÂÃÂÃÂÃÂ,MID,Brighton,1.2,0,0,7,1,11.8,57,182,0,0,2.4,10.2,2021-01-16T15:00:00Z,90,10,0,0,0,0,19,0,28912,1,0,2.0,3,-6897,253,7150,58,False,0
Pedro Lomba Neto,MID,Wolves,3.1,0,0,19,0,82.5,474,188,3,0,11.8,19.8,2021-01-16T12:30:00Z,90,18,0,0,0,0,19,0,935298,3,2,16.0,2,-305153,36345,341498,60,True,0
Thiago AlcÃÂÃÂÃÂÃÂ¡ntara do Nascimento,MID,Liverpool,4.8,0,0,12,0,35.2,531,177,1,0,5.3,17.6,2021-01-21T20:00:00Z,90,4,0,0,0,0,19,0,97424,1,0,0.0,2,16115,19711,3596,57,True,0
Tommy Doyle,MID,Man City,0.0,0,0,0,0,0.0,285,380,0,0,0.0,0.0,2021-01-20T18:00:00Z,0,2,0,0,0,0,19,0,6486,0,2,0.0,0,-245,20,265,44,True,0
JoÃÂÃÂÃÂÃÂ£o Pedro Cavaco Cancelo,DEF,Man City,11.2,0,1,29,1,26.8,277,380,0,0,6.8,16.4,2021-01-20T18:00:00Z,90,2,0,0,0,0,19,0,1044525,0,2,25.0,7,163826,206680,42854,58,True,0
Max Thompson,FWD,Burnley,-2.0,0,0,0,0,0.0,591,177,0,0,0.0,0.0,2021-01-21T20:00:00Z,0,11,0,0,0,0,19,0,9650,1,0,0.0,0,678,1864,1186,45,False,0
Kepa Arrizabalaga,GK,Chelsea,1.0,0,0,0,0,0.0,112,173,0,0,0.0,0.0,2021-01-19T20:15:00Z,0,9,0,0,0,0,19,0,44554,0,2,0.0,0,-336,175,511,47,False,0
Jack Wilshere,MID,West Ham,0.0,0,0,0,0,0.0,434,175,0,0,0.0,0.0,2021-01-19T18:00:00Z,0,18,0,0,0,0,19,0,3897,1,2,0.0,0,-10,11,21,49,True,0
Chris Basham,DEF,Sheffield Utd,0.9,0,0,18,0,12.7,345,186,3,0,3.8,21.2,2021-01-17T14:00:00Z,73,17,0,0,0,0,19,0,52011,3,1,4.0,1,-4014,211,4225,46,True,0
Anthony Mancini,MID,Burnley,-2.0,0,0,0,0,0.0,612,177,0,0,0.0,0.0,2021-01-21T20:00:00Z,0,11,0,0,0,0,19,0,232,1,0,0.0,0,11,58,47,45,False,0
Michael Obafemi,FWD,Southampton,-0.1,0,0,0,0,0.0,381,183,0,0,0.0,0.0,2021-01-16T20:00:00Z,0,9,0,0,0,0,19,0,67161,0,2,0.0,0,-1602,290,1892,46,False,0
Adama TraorÃÂÃÂÃÂÃÂ©,MID,Wolves,2.0,0,0,12,0,38.8,465,188,3,0,9.0,18.0,2021-01-16T12:30:00Z,90,18,0,0,0,0,19,0,420042,3,2,33.0,2,-10745,1379,12124,61,True,0
Callum Hudson-Odoi,MID,Chelsea,7.4,0,0,7,0,19.7,122,173,2,0,2.6,1.8,2021-01-19T20:15:00Z,67,9,0,0,0,0,19,0,26344,0,2,4.0,2,4313,6077,1764,57,False,0
RÃÂÃÂÃÂÃÂºben GonÃÂÃÂÃÂÃÂ§alo Silva Nascimento Vinagre,DEF,Wolves,0.0,0,0,0,0,0.0,471,188,0,0,0.0,0.0,2021-01-16T12:30:00Z,0,18,0,0,0,0,19,0,63766,3,2,0.0,0,-1110,4,1114,41,True,0
Aaron Ramsdale,GK,Sheffield Utd,2.5,0,0,11,0,0.0,483,186,3,0,1.0,10.2,2021-01-17T14:00:00Z,90,17,0,0,0,0,19,2,149730,3,1,0.0,1,-8191,1915,10106,47,True,0
Ricardo Domingos Barbosa Pereira,DEF,Leicester,0.7,0,0,2,0,1.3,226,173,0,0,0.3,2.0,2021-01-19T20:15:00Z,13,5,0,0,0,0,19,0,5763,0,2,0.0,1,10,115,105,59,True,0
Joe Rodon,DEF,Spurs,1.0,0,0,17,0,0.0,584,186,1,0,1.9,18.8,2021-01-17T14:00:00Z,90,15,0,0,0,0,19,0,1934,3,1,0.0,2,-61,32,93,50,False,0
Jack Stephens,DEF,Southampton,5.5,0,0,14,0,0.3,367,183,2,0,2.3,20.4,2021-01-16T20:00:00Z,90,9,0,0,0,0,19,0,22026,0,2,2.0,1,2842,4851,2009,46,False,0
Matthew Cash,DEF,Aston Villa,8.2,0,2,30,1,13.8,496,99,0,0,4.1,19.2,2021-01-23T20:00:00Z,90,14,0,0,0,0,19,0,90797,0,2,8.0,8,4504,11284,6780,50,True,0
David McGoldrick,FWD,Sheffield Utd,2.3,0,1,28,0,18.8,344,186,3,1,11.3,42.0,2021-01-17T14:00:00Z,90,17,0,0,0,0,19,0,153556,3,1,52.0,7,-1774,34486,36260,52,True,0
Kasper Schmeichel,GK,Leicester,9.3,0,2,32,1,0.0,217,173,0,0,4.6,46.0,2021-01-19T20:15:00Z,90,5,0,0,0,0,19,5,759761,0,2,0.0,9,590,24359,23769,55,True,0
Hamza Choudhury,MID,Leicester,0.5,0,0,0,0,0.0,234,173,0,0,0.0,0.0,2021-01-19T20:15:00Z,0,5,0,0,0,0,19,0,4212,0,2,0.0,0,-32,51,83,47,True,0
Simon Moore,GK,Sheffield Utd,0.0,0,0,0,0,0.0,348,186,0,0,0.0,0.0,2021-01-17T14:00:00Z,0,17,0,0,0,0,19,0,8046,3,1,0.0,0,-130,20,150,43,True,0
Tahith Chong,MID,Man Utd,0.0,0,0,0,0,0.0,316,171,0,0,0.0,0.0,2021-01-20T20:15:00Z,0,8,0,0,0,0,19,0,915,2,1,0.0,0,-11,3,14,44,False,0
Emerson Palmieri dos Santos,DEF,Chelsea,1.0,0,0,0,0,0.0,111,173,0,0,0.0,0.0,2021-01-19T20:15:00Z,0,9,0,0,0,0,19,0,11235,0,2,0.0,0,-196,205,401,47,False,0
Luke Thomas,DEF,Leicester,1.3,0,0,0,0,0.0,240,173,0,0,0.0,0.0,2021-01-19T20:15:00Z,0,5,0,0,0,0,19,0,14200,0,2,0.0,0,-74,352,426,42,True,0
Federico FernÃÂÃÂÃÂÃÂ¡ndez,DEF,Newcastle,2.9,0,0,0,0,0.0,323,99,0,0,0.0,0.0,2021-01-23T20:00:00Z,0,2,0,0,0,0,19,0,69609,0,2,0.0,0,-17002,2015,19017,47,False,0
Robert SÃÂÃÂÃÂÃÂ¡nchez,GK,Brighton,2.8,0,1,25,1,0.0,597,182,0,0,1.9,19.4,2021-01-16T15:00:00Z,90,10,0,0,0,0,19,2,65931,1,0,0.0,7,10793,21265,10472,44,False,0
Marvelous Nakamba,MID,Aston Villa,0.2,0,0,18,1,5.0,44,99,0,0,1.8,12.0,2021-01-23T20:00:00Z,90,14,0,0,0,0,19,0,56893,0,2,1.0,3,-1808,3271,5079,43,True,0
James Tarkowski,DEF,Burnley,6.0,0,1,25,1,0.1,81,177,0,0,3.4,29.6,2021-01-21T20:00:00Z,90,11,0,0,0,0,19,0,186843,1,0,4.0,7,-5727,4053,9780,53,False,0
Yoshinori Muto,FWD,Newcastle,0.0,0,0,0,0,0.0,341,99,0,0,0.0,0.0,2021-01-23T20:00:00Z,0,2,0,0,0,0,19,0,7339,0,2,0.0,0,-72,24,96,48,False,0
Antwoine Hackford,FWD,Sheffield Utd,-0.2,0,0,0,0,0.0,618,186,0,0,0.0,0.0,2021-01-17T14:00:00Z,0,17,0,0,0,0,19,0,2854,3,1,0.0,0,67,934,867,45,True,0
Matheus Pereira,MID,West Brom,11.4,0,2,29,0,3.5,481,175,2,1,5.6,37.2,2021-01-19T18:00:00Z,90,19,0,0,0,0,19,0,50842,1,2,15.0,9,275,1629,1354,56,False,0
Oliver Skipp,MID,Spurs,0.0,0,0,0,0,0.0,404,186,0,0,0.0,0.0,2021-01-17T14:00:00Z,0,15,0,0,0,0,19,0,1689,3,1,0.0,0,-18,20,38,44,False,0
Rhys Williams,DEF,Liverpool,2.4,0,0,0,0,0.0,594,177,0,0,0.0,0.0,2021-01-21T20:00:00Z,0,4,0,0,0,0,19,0,26386,1,0,0.0,0,-3426,2305,5731,40,True,0
Daniel N'Lundulu,FWD,Southampton,0.3,0,0,3,0,11.0,590,183,1,0,1.7,0.2,2021-01-16T20:00:00Z,29,9,0,0,0,0,19,0,18321,0,2,6.0,1,3135,5501,2366,45,False,0
Aleksandar MitroviÃÂÃÂÃÂÃÂ,FWD,Fulham,-0.8,0,0,2,0,0.5,184,171,0,0,0.3,0.0,2021-01-20T20:15:00Z,7,13,0,0,0,0,19,0,292574,2,1,4.0,1,-8490,2175,10665,55,True,0
Nathaniel Clyne,DEF,Crystal Palace,-0.6,0,0,0,0,0.0,577,185,0,0,0.0,0.0,2021-01-17T19:15:00Z,0,12,0,0,0,0,19,0,17621,0,4,0.0,0,-5725,191,5916,45,False,0
Anthony Martial,FWD,Man Utd,4.1,0,0,7,0,6.9,303,171,1,0,3.9,2.2,2021-01-20T20:15:00Z,84,8,0,0,0,0,19,0,440382,2,1,30.0,2,-48361,46766,95127,88,False,0
Lewis Dunk,DEF,Brighton,5.4,0,2,29,1,10.5,62,182,0,0,3.3,20.8,2021-01-16T15:00:00Z,90,10,0,0,0,0,19,0,193337,1,0,2.0,8,-5269,3328,8597,48,False,0
Ahmed El Mohamady,DEF,Aston Villa,-0.6,0,0,0,0,0.0,29,99,0,0,0.0,0.0,2021-01-23T20:00:00Z,0,14,0,0,0,0,19,0,26515,0,2,0.0,0,-688,804,1492,43,True,0
Ryan Bennett,DEF,Wolves,0.0,0,0,0,0,0.0,456,188,0,0,0.0,0.0,2021-01-16T12:30:00Z,0,18,0,0,0,0,19,0,8790,3,2,0.0,0,-73,9,82,44,True,0
SaÃÂÃÂÃÂÃÂ¯d Benrahma,MID,West Ham,4.6,0,0,16,0,12.2,587,175,1,0,5.2,12.4,2021-01-19T18:00:00Z,61,18,0,0,0,0,19,0,16599,1,2,27.0,2,1108,2749,1641,60,True,0
Jed Steer,GK,Aston Villa,-1.0,0,0,0,0,0.0,32,99,0,0,0.0,0.0,2021-01-23T20:00:00Z,0,14,0,0,0,0,19,0,347063,0,2,0.0,0,-14130,7437,21567,40,True,0
Ezri Konsa Ngoyo,DEF,Aston Villa,4.2,0,2,30,1,0.1,46,99,0,0,3.0,29.4,2021-01-23T20:00:00Z,90,14,0,0,0,0,19,0,439440,0,2,0.0,8,-22420,13034,35454,47,True,0
Wes Foderingham,GK,Sheffield Utd,-0.5,0,0,0,0,0.0,350,186,0,0,0.0,0.0,2021-01-17T14:00:00Z,0,17,0,0,0,0,19,0,7925,3,1,0.0,0,-85,88,173,43,True,0
Emiliano MartÃÂÃÂÃÂÃÂ­nez,GK,Aston Villa,9.0,0,0,26,1,0.0,12,99,0,0,1.1,11.0,2021-01-23T20:00:00Z,90,14,0,0,0,0,19,1,2466933,0,2,0.0,6,92429,151930,59501,51,True,0
Marcos Alonso,DEF,Chelsea,1.0,0,0,0,0,0.0,104,173,0,0,0.0,0.0,2021-01-19T20:15:00Z,0,9,0,0,0,0,19,0,109082,0,2,0.0,0,-445,171,616,56,False,0
James Maddison,MID,Leicester,12.9,0,0,23,1,15.6,231,173,0,1,7.4,38.8,2021-01-19T20:15:00Z,75,5,0,0,0,0,19,0,430945,0,2,20.0,8,48095,79523,31428,71,True,0
Adrien Silva,MID,Leicester,0.0,0,0,0,0,0.0,220,173,0,0,0.0,0.0,2021-01-19T20:15:00Z,0,5,0,0,0,0,19,0,18120,0,2,0.0,0,-189,7,196,44,True,0
Aaron Mooy,MID,Brighton,0.0,0,0,0,0,0.0,60,182,0,0,0.0,0.0,2021-01-16T15:00:00Z,0,10,0,0,0,0,19,0,864,1,0,0.0,0,-8,2,10,50,False,0
Jay Rodriguez,FWD,Burnley,-0.8,0,0,0,0,0.0,86,177,0,0,0.0,0.0,2021-01-21T20:00:00Z,0,11,0,0,0,0,19,0,19568,1,0,0.0,0,483,951,468,58,False,0
John Ruddy,GK,Wolves,0.5,0,0,0,0,0.0,453,188,0,0,0.0,0.0,2021-01-16T12:30:00Z,0,18,0,0,0,0,19,0,19017,3,2,0.0,0,-261,126,387,43,True,0
Jimmy Dunne,DEF,Burnley,-1.5,0,0,0,0,0.0,519,177,0,0,0.0,0.0,2021-01-21T20:00:00Z,0,11,0,0,0,0,19,0,332325,1,0,0.0,0,-38475,966,39441,39,False,0
Jay-Roy Grot,MID,Leeds,0.0,0,0,0,0,0.0,207,182,0,0,0.0,0.0,2021-01-16T15:00:00Z,0,3,0,0,0,0,19,0,1476,1,0,0.0,0,-8,15,23,47,True,0
Demarai Gray,MID,Leicester,0.9,0,0,0,0,0.0,230,173,0,0,0.0,0.0,2021-01-19T20:15:00Z,0,5,0,0,0,0,19,0,5792,0,2,0.0,0,-6,69,75,52,True,0
Gabriel MagalhÃÂÃÂÃÂÃÂ£es,DEF,Arsenal,0.5,0,0,0,0,0.0,494,179,0,0,0.0,0.0,2021-01-18T20:00:00Z,0,14,0,0,0,0,19,0,415147,0,3,0.0,0,-10840,1159,11999,50,True,0
James Milner,MID,Liverpool,3.6,0,0,0,0,0.0,241,177,0,0,0.0,0.0,2021-01-21T20:00:00Z,0,4,0,0,0,0,19,0,8875,1,0,0.0,0,-19,150,169,53,True,0
Enda Stevens,DEF,Sheffield Utd,0.4,0,0,10,0,18.3,347,186,3,0,4.8,7.8,2021-01-17T14:00:00Z,90,17,0,0,0,0,19,0,78986,3,1,22.0,1,-2840,5,2845,50,True,0
Luke Mbete,DEF,Man City,2.0,0,0,0,0,0.0,622,380,0,0,0.0,0.0,2021-01-20T18:00:00Z,0,2,0,0,0,0,19,0,437,0,2,0.0,0,31,88,57,40,True,0
Fabio Henrique Tavares,MID,Liverpool,5.6,0,0,10,0,2.1,253,177,1,0,1.2,5.8,2021-01-21T20:00:00Z,90,4,0,0,0,0,19,0,79221,1,0,4.0,1,463,2411,1948,54,True,1
Nathan Redmond,MID,Southampton,0.0,0,0,0,0,0.0,365,183,0,0,0.0,0.0,2021-01-16T20:00:00Z,0,9,0,0,0,0,19,0,12582,0,2,0.0,0,-264,23,287,64,False,0
AndrÃÂÃÂÃÂÃÂ©-Frank Zambo Anguissa,MID,Fulham,3.6,1,2,30,0,16.8,191,171,2,0,3.8,20.8,2021-01-20T20:15:00Z,78,13,0,0,0,0,19,0,180783,2,1,0.0,6,-8548,14785,23333,45,True,1
Joelinton CÃÂÃÂÃÂÃÂ¡ssio ApolinÃÂÃÂÃÂÃÂ¡rio de Lira,FWD,Newcastle,2.1,0,0,0,0,0.0,340,99,0,0,0.0,0.0,2021-01-23T20:00:00Z,0,2,0,0,0,0,19,0,44593,0,2,0.0,0,-7514,3906,11420,57,False,0
Dan Burn,DEF,Brighton,1.8,0,0,20,1,1.2,61,182,0,0,1.4,4.2,2021-01-16T15:00:00Z,90,10,0,0,0,0,19,0,27316,1,0,9.0,6,829,2412,1583,42,False,0
Conor Townsend,DEF,West Brom,-0.5,0,0,0,0,0.0,418,175,0,0,0.0,0.0,2021-01-19T18:00:00Z,0,19,0,0,0,0,19,0,5954,1,2,0.0,0,-102,24,126,44,False,0
Ian Carlo Poveda-Ocampo,MID,Leeds,0.8,0,0,3,0,1.9,209,182,0,0,0.3,1.4,2021-01-16T15:00:00Z,15,3,0,0,0,0,19,0,33442,1,0,0.0,1,1647,4466,2819,43,True,0
Mason Greenwood,MID,Man Utd,2.9,0,0,10,0,6.4,315,171,1,0,2.5,0.6,2021-01-20T20:15:00Z,84,8,0,0,0,0,19,0,153315,2,1,18.0,2,-4859,661,5520,70,False,0
Aaron Wan-Bissaka,DEF,Man Utd,9.1,0,0,14,0,21.0,313,171,1,0,5.0,22.8,2021-01-20T20:15:00Z,90,8,0,0,0,0,19,0,760075,2,1,6.0,2,19541,53484,33943,54,False,0
Kyle Bartley,DEF,West Brom,1.4,0,0,11,0,0.3,412,175,2,0,1.6,13.8,2021-01-19T18:00:00Z,90,19,0,0,0,0,19,0,7724,1,2,2.0,1,-3,242,245,44,False,0
Andriy Yarmolenko,MID,West Ham,4.6,1,0,15,0,12.3,436,175,0,0,5.3,21.2,2021-01-19T18:00:00Z,28,18,0,0,0,0,19,0,5852,1,2,19.0,4,51,172,121,55,True,0
Harry Maguire,DEF,Man Utd,8.5,0,0,15,0,13.8,298,171,1,0,4.3,19.0,2021-01-20T20:15:00Z,90,8,0,0,0,0,19,0,338143,2,1,10.0,2,4060,22028,17968,54,False,0
Jake Vokins,DEF,Southampton,-0.5,0,0,0,0,0.0,380,183,0,0,0.0,0.0,2021-01-16T20:00:00Z,0,9,0,0,0,0,19,0,108921,0,2,0.0,0,6665,10986,4321,39,False,0
Ilkay GÃÂÃÂÃÂÃÂ¼ndogan,MID,Man City,18.4,0,2,31,1,30.3,271,380,0,1,15.7,42.2,2021-01-20T18:00:00Z,90,2,0,0,0,0,19,0,243089,0,2,84.0,10,64588,92375,27787,55,True,0
Eric Bailly,DEF,Man Utd,7.1,0,0,22,0,2.5,310,171,1,0,3.2,29.0,2021-01-20T20:15:00Z,90,8,0,0,0,0,19,0,54784,2,1,0.0,2,15464,20266,4802,49,False,0
Patrick Bamford,FWD,Leeds,5.0,0,0,4,0,10.3,202,182,1,0,1.8,0.0,2021-01-16T15:00:00Z,90,3,0,0,0,0,19,0,3782343,1,0,8.0,2,130650,342408,211758,66,True,0
Karlan Grant,FWD,West Brom,0.0,0,0,0,0,0.0,582,175,0,0,0.0,0.0,2021-01-19T18:00:00Z,0,19,0,0,0,0,19,0,2455,1,2,0.0,0,-425,65,490,58,False,0
Lukasz Fabianski,GK,West Ham,5.8,0,0,13,0,0.0,431,175,1,0,1.1,11.4,2021-01-19T18:00:00Z,90,18,0,0,0,0,19,2,329251,1,2,0.0,2,4895,47389,42494,51,True,0
Callum Robinson,FWD,West Brom,5.8,0,0,7,0,2.8,358,175,2,0,0.7,1.4,2021-01-19T18:00:00Z,90,19,0,0,0,0,19,0,51275,1,2,3.0,2,13679,17945,4266,54,False,0
ÃÂÃÂÃÂÃÂrjan Nyland,GK,Aston Villa,0.0,0,0,0,0,0.0,35,99,0,0,0.0,0.0,2021-01-23T20:00:00Z,0,14,0,0,0,0,19,0,389810,0,2,0.0,0,-31797,67,31864,40,True,0
Ki-Jana Hoever,DEF,Wolves,0.9,0,0,0,0,0.0,545,188,0,0,0.0,0.0,2021-01-16T12:30:00Z,0,18,0,0,0,0,19,0,3645,3,2,0.0,0,-64,137,201,44,True,0
Billy Gilmour,MID,Chelsea,1.4,0,0,0,0,0.0,124,173,0,0,0.0,0.0,2021-01-19T20:15:00Z,0,9,0,0,0,0,19,0,9585,0,2,0.0,0,309,857,548,44,False,0
Mesut ÃÂÃÂÃÂÃÂzil,MID,Arsenal,0.0,0,0,0,0,0.0,1,179,0,0,0.0,0.0,2021-01-18T20:00:00Z,0,14,0,0,0,0,19,0,42856,0,3,0.0,0,-109,9,118,67,True,0
Ezgjan Alioski,DEF,Leeds,5.2,0,0,11,0,6.3,201,182,1,0,1.9,10.4,2021-01-16T15:00:00Z,66,3,0,0,0,0,19,0,237067,1,0,2.0,2,3216,34485,31269,45,True,0
Kayne Ramsay,DEF,Southampton,-0.5,0,0,0,0,0.0,598,183,0,0,0.0,0.0,2021-01-16T20:00:00Z,0,9,0,0,0,0,19,0,5298,0,2,0.0,0,49,273,224,40,False,0
Eberechi Eze,MID,Crystal Palace,1.2,0,0,2,0,1.7,489,185,4,0,0.4,0.0,2021-01-17T19:15:00Z,90,12,0,0,0,0,19,0,66131,0,4,4.0,2,-7133,3619,10752,58,False,0
Alex McCarthy,GK,Southampton,3.5,0,0,14,0,0.0,363,183,2,0,2.0,20.4,2021-01-16T20:00:00Z,90,9,0,0,0,0,19,2,1480768,0,2,0.0,1,-97786,40864,138650,47,False,0
Oliver McBurnie,FWD,Sheffield Utd,-0.1,0,0,0,0,0.0,357,186,0,0,0.0,0.0,2021-01-17T14:00:00Z,0,17,0,0,0,0,19,0,14994,3,1,0.0,0,-237,74,311,56,True,0
Timothy Fosu-Mensah,DEF,Man Utd,0.5,0,0,0,0,0.0,312,171,0,0,0.0,0.0,2021-01-20T20:15:00Z,0,8,0,0,0,0,19,0,6783,2,1,0.0,0,-87,62,149,43,False,0
Sergio AgÃÂÃÂÃÂÃÂ¼ero,FWD,Man City,0.0,0,0,0,0,0.0,268,380,0,0,0.0,0.0,2021-01-20T18:00:00Z,0,2,0,0,0,0,19,0,95277,0,2,0.0,0,-18869,151,19020,103,True,0
Filip Krovinovic,MID,West Brom,-0.6,0,0,0,0,0.0,555,175,0,0,0.0,0.0,2021-01-19T18:00:00Z,0,19,0,0,0,0,19,0,951,1,2,0.0,0,-7,34,41,49,False,0
Christian Pulisic,MID,Chelsea,5.0,0,0,2,0,13.2,119,173,2,0,2.6,7.2,2021-01-19T20:15:00Z,90,9,0,0,0,0,19,0,181804,0,2,6.0,2,5004,15075,10071,82,False,0
Allan Tchaptchet,DEF,Southampton,0.7,0,0,0,0,0.0,635,183,0,0,0.0,0.0,2021-01-16T20:00:00Z,0,9,0,0,0,0,19,0,0,0,2,0.0,0,0,0,0,40,False,0
Wayne Hennessey,GK,Crystal Palace,0.0,0,0,0,0,0.0,126,185,0,0,0.0,0.0,2021-01-17T19:15:00Z,0,12,0,0,0,0,19,0,24510,0,4,0.0,0,-451,25,476,43,False,0
JoÃÂÃÂÃÂÃÂ£o Filipe Iria Santos Moutinho,MID,Wolves,2.5,0,0,10,0,10.8,454,188,3,0,1.8,7.6,2021-01-16T12:30:00Z,78,18,0,0,0,0,19,0,71657,3,2,0.0,2,-714,540,1254,52,True,0
Hugo Lloris,GK,Spurs,4.5,0,0,20,0,0.0,383,186,1,0,2.5,25.4,2021-01-17T14:00:00Z,90,15,0,0,0,0,19,4,585592,3,1,0.0,3,-32761,13967,46728,56,False,0
Anthony Knockaert,MID,Fulham,0.0,0,0,0,0,0.0,177,171,0,0,0.0,0.0,2021-01-20T20:15:00Z,0,13,0,0,0,0,19,0,2508,2,1,0.0,0,-20,3,23,50,True,0
Kevin McDonald,MID,Fulham,0.0,0,0,0,0,0.0,172,171,0,0,0.0,0.0,2021-01-20T20:15:00Z,0,13,0,0,0,0,19,0,1648,2,1,0.0,0,-14,6,20,47,True,0
Ciaran Clark,DEF,Newcastle,2.9,0,0,0,0,0.0,324,99,0,0,0.0,0.0,2021-01-23T20:00:00Z,0,2,0,0,0,0,19,0,30957,0,2,0.0,0,-4791,4506,9297,45,False,0
Benjamin Chilwell,DEF,Chelsea,6.6,0,0,9,0,8.5,232,173,2,0,2.0,11.6,2021-01-19T20:15:00Z,90,9,0,0,0,0,19,0,1827756,0,2,0.0,1,44842,119283,74441,61,False,0
Karlo Ziger,GK,Chelsea,1.0,0,0,0,0,0.0,593,173,0,0,0.0,0.0,2021-01-19T20:15:00Z,0,9,0,0,0,0,19,0,62665,0,2,0.0,0,4718,7951,3233,40,False,0
Leander Dendoncker,MID,Wolves,1.1,0,0,4,0,49.1,464,188,3,0,7.9,9.0,2021-01-16T12:30:00Z,90,18,0,0,0,0,19,0,44980,3,2,21.0,1,-918,1890,2808,47,True,1
RÃÂÃÂÃÂÃÂºben Santos Gato Alves Dias,DEF,Man City,15.2,0,1,29,1,0.7,556,380,0,0,6.2,26.6,2021-01-20T18:00:00Z,90,2,0,0,0,0,19,0,891459,0,2,35.0,7,154332,186853,32521,58,True,0
Wesley Fofana,DEF,Leicester,4.1,0,1,25,1,0.5,561,173,0,0,2.1,20.6,2021-01-19T20:15:00Z,90,5,0,0,0,0,19,0,54972,0,2,0.0,6,2815,6572,3757,50,True,1
Alireza Jahanbakhsh,MID,Brighton,0.0,0,0,0,0,0.0,71,182,0,0,0.0,0.0,2021-01-16T15:00:00Z,0,10,0,0,0,0,19,0,2658,1,0,0.0,0,-71,15,86,54,False,0
Josh Brownhill,MID,Burnley,2.8,0,0,9,1,0.8,98,177,0,0,1.0,9.4,2021-01-21T20:00:00Z,90,11,0,0,0,0,19,0,5206,1,0,0.0,3,322,892,570,49,False,0
Matty James,MID,Leicester,0.0,0,0,0,0,0.0,222,173,0,0,0.0,0.0,2021-01-19T20:15:00Z,0,5,0,0,0,0,19,0,21222,0,2,0.0,0,-657,92,749,43,True,0
Ahmed El-Sayed Hegazy,DEF,West Brom,0.0,0,0,0,0,0.0,414,175,0,0,0.0,0.0,2021-01-19T18:00:00Z,0,19,0,0,0,0,19,0,11094,1,2,0.0,0,-198,47,245,41,False,0
Jordan Ayew,FWD,Crystal Palace,0.0,0,0,7,0,4.6,140,185,4,0,3.4,7.8,2021-01-17T19:15:00Z,90,12,0,0,0,0,19,0,115066,0,4,22.0,2,-2286,2737,5023,56,False,0
Bobby Thomas,DEF,Burnley,-2.0,0,0,0,0,0.0,520,177,0,0,0.0,0.0,2021-01-21T20:00:00Z,0,11,0,0,0,0,19,0,56604,1,0,0.0,0,2083,4664,2581,39,False,0
Romaine Sawyers,MID,West Brom,2.2,0,0,17,0,2.3,413,175,2,0,1.1,8.6,2021-01-19T18:00:00Z,90,19,0,0,0,0,19,0,2804,1,2,0.0,2,141,274,133,48,False,0
JosÃÂÃÂÃÂÃÂ© Izquierdo,MID,Brighton,0.0,0,0,0,0,0.0,72,182,0,0,0.0,0.0,2021-01-16T15:00:00Z,0,10,0,0,0,0,19,0,211,1,0,0.0,0,10,20,10,55,False,0
Harvey Barnes,MID,Leicester,13.3,1,0,16,1,24.3,235,173,0,0,5.2,24.0,2021-01-19T20:15:00Z,90,5,0,0,0,0,19,0,351686,0,2,4.0,6,30844,60050,29206,68,True,0
Daniel Ceballos FernÃÂÃÂÃÂÃÂ¡ndez,MID,Arsenal,1.7,0,0,0,0,0.0,501,179,0,0,0.0,0.0,2021-01-18T20:00:00Z,0,14,0,0,0,0,19,0,68234,0,3,0.0,0,-1713,1519,3232,47,True,0
Marcus Rashford,MID,Man Utd,8.9,0,0,4,0,0.6,306,171,0,0,0.6,1.4,2021-01-20T20:15:00Z,5,8,0,0,0,0,19,0,1016925,2,1,4.0,1,52232,138917,86685,96,False,0
Theo Walcott,MID,Southampton,2.3,0,0,5,0,21.5,148,183,2,0,3.9,5.0,2021-01-16T20:00:00Z,90,9,0,0,0,0,19,0,65024,0,2,12.0,2,-9547,3828,13375,58,False,0
Ryan Fredericks,DEF,West Ham,3.4,0,0,0,0,0.0,438,175,0,0,0.0,0.0,2021-01-19T18:00:00Z,0,18,0,0,0,0,19,0,17669,1,2,0.0,0,22,1266,1244,42,True,0
Michail Antonio,FWD,West Ham,9.0,0,3,39,0,25.7,437,175,1,1,9.0,40.6,2021-01-19T18:00:00Z,83,18,0,0,0,0,19,0,729174,1,2,24.0,9,496242,513920,17678,63,True,0
Callum Wilson,FWD,Newcastle,2.9,0,0,3,0,2.2,506,99,2,0,0.6,2.2,2021-01-23T20:00:00Z,90,2,0,0,0,0,19,0,1599004,0,2,2.0,2,74530,274169,199639,66,False,0
David Luiz Moreira Marinho,DEF,Arsenal,2.7,0,0,19,1,1.3,3,179,0,0,1.9,4.0,2021-01-18T20:00:00Z,90,14,0,0,0,0,19,0,58406,0,3,14.0,6,280,923,643,54,True,0
Moussa Djenepo,MID,Southampton,0.0,0,0,0,0,0.0,382,183,0,0,0.0,0.0,2021-01-16T20:00:00Z,0,9,0,0,0,0,19,0,4737,0,2,0.0,0,-341,14,355,54,False,0
Andreas Pereira,MID,Man Utd,0.0,0,0,0,0,0.0,304,171,0,0,0.0,0.0,2021-01-20T20:15:00Z,0,8,0,0,0,0,19,0,2539,2,1,0.0,0,-11,2,13,48,False,0
Frederik Alves,DEF,West Ham,3.5,0,0,0,0,0.0,637,175,0,0,0.0,0.0,2021-01-19T18:00:00Z,0,18,0,0,0,0,19,0,0,1,2,0.0,0,0,0,0,40,True,0
Leonardo Campana,FWD,Wolves,0.5,0,0,0,0,0.0,476,188,0,0,0.0,0.0,2021-01-16T12:30:00Z,0,18,0,0,0,0,19,0,24149,3,2,0.0,0,75,838,763,48,True,0
Ryan Inniss,DEF,Crystal Palace,0.0,0,0,0,0,0.0,534,185,0,0,0.0,0.0,2021-01-17T19:15:00Z,0,12,0,0,0,0,19,0,3473,0,4,0.0,0,-85,0,85,40,False,0
Anwar El Ghazi,MID,Aston Villa,7.0,0,0,5,0,0.3,45,99,0,0,0.5,2.2,2021-01-23T20:00:00Z,10,14,0,0,0,0,19,0,355384,0,2,2.0,1,48051,94410,46359,58,True,0
Keinan Davis,FWD,Aston Villa,-0.2,0,0,0,0,0.0,50,99,0,0,0.0,0.0,2021-01-23T20:00:00Z,0,14,0,0,0,0,19,0,795857,0,2,0.0,0,84333,121339,37006,43,True,0
Odion Ighalo,FWD,Man Utd,0.5,0,0,0,0,0.0,293,171,0,0,0.0,0.0,2021-01-20T20:15:00Z,0,8,0,0,0,0,19,0,14366,2,1,0.0,0,-43,158,201,61,False,0
Elliot Anderson,MID,Newcastle,-0.1,0,0,0,0,0.0,602,99,0,0,0.0,0.0,2021-01-23T20:00:00Z,0,2,0,0,0,0,19,0,1321,0,2,0.0,0,10,169,159,45,False,0
Phil Jones,DEF,Man Utd,0.0,0,0,0,0,0.0,297,171,0,0,0.0,0.0,2021-01-20T20:15:00Z,0,8,0,0,0,0,19,0,2641,2,1,0.0,0,-7,1,8,48,False,0
Ryan Sessegnon,DEF,Spurs,0.0,0,0,0,0,0.0,399,186,0,0,0.0,0.0,2021-01-17T14:00:00Z,0,15,0,0,0,0,19,0,5588,3,1,0.0,0,-29,2,31,47,False,0
Andros Townsend,MID,Crystal Palace,1.8,0,0,5,0,2.7,137,185,3,0,1.2,9.4,2021-01-17T19:15:00Z,78,12,0,0,0,0,19,0,104842,0,4,0.0,2,-4325,1015,5340,56,False,0
Elia Caprile,GK,Leeds,0.0,0,0,0,0,0.0,532,182,0,0,0.0,0.0,2021-01-16T15:00:00Z,0,3,0,0,0,0,19,0,24253,1,0,0.0,0,-570,610,1180,40,True,0
N'Golo KantÃÂÃÂÃÂÃÂ©,MID,Chelsea,0.0,0,0,0,0,0.0,113,173,0,0,0.0,0.0,2021-01-19T20:15:00Z,0,9,0,0,0,0,19,0,205870,0,2,0.0,0,-11801,197,11998,49,False,0
Liam Cooper,DEF,Leeds,0.5,0,0,21,0,1.3,195,182,1,0,5.6,36.0,2021-01-16T15:00:00Z,90,3,0,0,0,0,19,0,29510,1,0,19.0,2,783,2286,1503,43,True,0
Olivier Giroud,FWD,Chelsea,5.0,0,0,0,0,0.0,103,173,0,0,0.0,0.0,2021-01-19T20:15:00Z,0,9,0,0,0,0,19,0,129720,0,2,0.0,0,15670,27361,11691,67,False,0
Kortney Hause,DEF,Aston Villa,5.8,0,0,0,0,0.0,39,99,0,0,0.0,0.0,2021-01-23T20:00:00Z,0,14,0,0,0,0,19,0,55098,0,2,0.0,0,6149,14879,8730,44,True,0
Oliver Casey,DEF,Leeds,0.0,0,0,0,0,0.0,215,182,0,0,0.0,0.0,2021-01-16T15:00:00Z,0,3,0,0,0,0,19,0,94281,1,0,0.0,0,-3233,588,3821,39,True,0
Tyler Roberts,MID,Leeds,0.2,0,0,4,0,1.3,206,182,0,0,4.9,6.2,2021-01-16T15:00:00Z,28,3,0,0,0,0,19,0,4421,1,0,41.0,1,-37,77,114,47,True,0
Scott McTominay,MID,Man Utd,3.9,0,0,2,0,0.0,309,171,0,0,0.0,0.0,2021-01-20T20:15:00Z,5,8,0,0,0,0,19,0,107408,2,1,0.0,1,2863,21257,18394,49,False,0
Matthew Lowton,DEF,Burnley,4.8,0,0,21,1,0.8,92,177,0,0,1.6,15.2,2021-01-21T20:00:00Z,90,11,0,0,0,0,19,0,130388,1,0,0.0,6,9466,28689,19223,44,False,0
Ferran Torres,MID,Man City,6.8,0,0,0,0,0.0,287,380,0,0,0.0,0.0,2021-01-20T18:00:00Z,0,2,0,0,0,0,19,0,85608,0,2,0.0,0,-9689,1980,11669,69,True,0
Rhian Brewster,FWD,Sheffield Utd,0.9,0,0,3,0,0.5,262,186,0,0,0.6,3.0,2021-01-17T14:00:00Z,19,17,0,0,0,0,19,0,644114,3,1,2.0,1,57648,115917,58269,45,True,0
Darren Randolph,GK,West Ham,3.4,0,0,0,0,0.0,430,175,0,0,0.0,0.0,2021-01-19T18:00:00Z,0,18,0,0,0,0,19,0,30769,1,2,0.0,0,9392,13139,3747,44,True,0
Rolando Aarons,MID,Newcastle,0.0,0,0,0,0,0.0,337,99,0,0,0.0,0.0,2021-01-23T20:00:00Z,0,2,0,0,0,0,19,0,2272,0,2,0.0,0,-22,2,24,48,False,0
Pierre-Emile HÃÂÃÂÃÂÃÂ¸jbjerg,MID,Spurs,3.0,1,0,22,0,23.4,396,186,1,0,7.1,39.8,2021-01-17T14:00:00Z,90,15,0,0,0,0,19,0,65858,3,1,8.0,5,-3407,2008,5415,49,False,0
HÃÂÃÂÃÂÃÂ©ctor BellerÃÂÃÂÃÂÃÂ­n,DEF,Arsenal,3.7,0,0,0,0,0.0,11,179,0,0,0.0,0.0,2021-01-18T20:00:00Z,0,14,0,0,0,0,19,0,408658,0,3,0.0,0,-39404,11754,51158,51,True,0
Nigel Lonwijk,DEF,Wolves,0.5,0,0,0,0,0.0,629,188,0,0,0.0,0.0,2021-01-16T12:30:00Z,0,18,0,0,0,0,19,0,681,3,2,0.0,0,247,304,57,40,True,0
Paulo Gazzaniga,GK,Spurs,0.5,0,0,0,0,0.0,393,186,0,0,0.0,0.0,2021-01-17T14:00:00Z,0,15,0,0,0,0,19,0,17655,3,1,0.0,0,-200,84,284,43,False,0
CÃÂÃÂÃÂÃÂ©dric Soares,DEF,Arsenal,2.9,1,3,39,1,32.3,5,179,0,0,6.4,29.2,2021-01-18T20:00:00Z,90,14,0,0,0,0,19,0,12414,0,3,2.0,12,-126,102,228,46,True,0
Pierre-Emerick Aubameyang,MID,Arsenal,5.3,0,2,37,1,3.7,4,179,0,2,12.2,61.2,2021-01-18T20:00:00Z,78,14,0,0,0,0,19,0,539555,0,3,57.0,15,-16905,1436,18341,113,True,0
Caleb Watts,MID,Southampton,0.7,0,0,0,0,0.0,636,183,0,0,0.0,0.0,2021-01-16T20:00:00Z,0,9,0,0,0,0,19,0,0,0,2,0.0,0,0,0,0,45,False,0
Andy Carroll,FWD,Newcastle,3.9,0,0,-2,0,1.6,320,99,2,0,0.2,0.0,2021-01-23T20:00:00Z,70,2,0,0,0,0,19,0,33584,0,2,8.0,1,1031,5233,4202,52,False,1
Jack Grealish,MID,Aston Villa,6.6,1,0,22,1,44.7,37,99,0,0,9.3,24.4,2021-01-23T20:00:00Z,87,14,0,0,0,0,19,0,2778647,0,2,24.0,6,-43343,132773,176116,77,True,0
Charlie Cresswell,DEF,Leeds,0.0,0,0,0,0,0.0,620,182,0,0,0.0,0.0,2021-01-16T15:00:00Z,0,3,0,0,0,0,19,0,3031,1,0,0.0,0,728,1057,329,40,True,0
Frederico Rodrigues de Paula Santos,MID,Man Utd,3.5,0,0,18,0,25.3,299,171,1,0,6.0,14.6,2021-01-20T20:15:00Z,90,8,0,0,0,0,19,0,16208,2,1,20.0,2,-530,371,901,53,False,0
Douglas Luiz Soares de Paulo,MID,Aston Villa,3.8,0,0,4,1,14.7,52,99,0,0,2.0,0.6,2021-01-23T20:00:00Z,90,14,0,0,0,0,19,0,19054,0,2,5.0,3,481,1408,927,49,True,0
Neeskens Kebano,MID,Fulham,-1.6,0,0,0,0,0.0,180,171,0,0,0.0,0.0,2021-01-20T20:15:00Z,0,13,0,0,0,0,19,0,3305,2,1,0.0,0,-48,33,81,47,True,0
Tom Heaton,GK,Aston Villa,-1.0,0,0,0,0,0.0,28,99,0,0,0.0,0.0,2021-01-23T20:00:00Z,0,14,0,0,0,0,19,0,4551,0,2,0.0,0,141,416,275,45,True,0
Oriol Romeu Vidal,MID,Southampton,0.2,0,0,0,0,0.0,364,183,0,0,0.0,0.0,2021-01-16T20:00:00Z,0,9,0,0,0,0,19,0,254244,0,2,0.0,0,-40608,3532,44140,45,False,0
Mateusz Bogusz,MID,Leeds,0.0,0,0,0,0,0.0,533,182,0,0,0.0,0.0,2021-01-16T15:00:00Z,0,3,0,0,0,0,19,0,1047,1,0,0.0,0,6,49,43,43,True,0
Tosin Adarabioyo,DEF,Fulham,3.6,0,0,16,0,0.5,572,171,2,0,5.0,32.2,2021-01-20T20:15:00Z,90,13,0,0,0,0,19,0,37469,2,1,17.0,1,6894,11420,4526,45,True,0
Roberto Jimenez Gago,GK,West Ham,0.0,0,0,0,0,0.0,433,175,0,0,0.0,0.0,2021-01-19T18:00:00Z,0,18,0,0,0,0,19,0,811,1,2,0.0,0,0,9,9,45,True,0
Jannik Vestergaard,DEF,Southampton,0.0,0,0,0,0,0.0,369,183,0,0,0.0,0.0,2021-01-16T20:00:00Z,0,9,0,0,0,0,19,0,307716,0,2,0.0,0,-61340,431,61771,48,False,0
Martin Kelly,DEF,Crystal Palace,0.0,0,0,0,0,0.0,135,185,0,0,0.0,0.0,2021-01-17T19:15:00Z,0,12,0,0,0,0,19,0,19423,0,4,0.0,0,-577,33,610,41,False,0
Harvey Elliott,MID,Liverpool,0.0,0,0,0,0,0.0,265,177,0,0,0.0,0.0,2021-01-21T20:00:00Z,0,4,0,0,0,0,19,0,7515,1,0,0.0,0,-215,59,274,43,True,0
Nemanja Matic,MID,Man Utd,2.2,0,0,4,0,0.0,295,171,0,0,0.2,2.0,2021-01-20T20:15:00Z,1,8,0,0,0,0,19,0,15695,2,1,0.0,1,-121,446,567,48,False,0
Indiana Vassilev,FWD,Aston Villa,0.0,0,0,0,0,0.0,51,99,0,0,0.0,0.0,2021-01-23T20:00:00Z,0,14,0,0,0,0,19,0,58769,0,2,0.0,0,2520,5093,2573,43,True,0
Will Norris,GK,Burnley,-2.0,0,0,0,0,0.0,583,177,0,0,0.0,0.0,2021-01-21T20:00:00Z,0,11,0,0,0,0,19,0,11202,1,0,0.0,0,332,1253,921,40,False,0
Wesley Moraes,FWD,Aston Villa,0.0,0,0,0,0,0.0,48,99,0,0,0.0,0.0,2021-01-23T20:00:00Z,0,14,0,0,0,0,19,0,809,0,2,0.0,0,0,31,31,60,True,0
SÃÂÃÂÃÂÃÂ©bastien Haller,FWD,West Ham,0.0,0,0,0,0,0.0,441,175,0,0,0.0,0.0,2021-01-19T18:00:00Z,0,18,0,0,0,0,19,0,23692,1,2,0.0,0,-8226,32,8258,61,True,0
Matej Vydra,FWD,Burnley,-1.2,0,0,0,0,0.0,93,177,0,0,0.0,0.0,2021-01-21T20:00:00Z,0,11,0,0,0,0,19,0,49667,1,0,0.0,0,5634,8783,3149,48,False,0
Kai Havertz,MID,Chelsea,3.8,0,0,4,0,4.0,500,173,2,0,1.3,3.4,2021-01-19T20:15:00Z,66,9,0,0,0,0,19,0,213891,0,2,6.0,1,469,3374,2905,82,False,1
Billy Sharp,FWD,Sheffield Utd,0.7,0,0,0,0,0.0,343,186,0,0,0.0,0.0,2021-01-17T14:00:00Z,16,17,0,0,0,0,19,0,10199,3,1,1.0,1,947,1413,466,55,True,0
Christian Marques,DEF,Wolves,0.5,0,0,0,0,0.0,616,188,0,0,0.0,0.0,2021-01-16T12:30:00Z,0,18,0,0,0,0,19,0,1756,3,2,0.0,0,18,174,156,40,True,0
Dale Stephens,MID,Burnley,-1.2,0,0,0,0,0.0,55,177,0,0,0.0,0.0,2021-01-21T20:00:00Z,0,11,0,0,0,0,19,0,355828,1,0,0.0,0,-10956,11913,22869,43,False,0
FrÃÂÃÂÃÂÃÂ©dÃÂÃÂÃÂÃÂ©ric Guilbert,DEF,Aston Villa,-1.0,0,0,0,0,0.0,47,99,0,0,0.0,0.0,2021-01-23T20:00:00Z,0,14,0,0,0,0,19,0,6003,0,2,0.0,0,-58,45,103,43,True,0
Rodrigo Moreno,FWD,Leeds,3.2,0,0,6,0,2.1,492,182,1,0,0.5,2.4,2021-01-16T15:00:00Z,61,3,0,0,0,0,19,0,265356,1,0,0.0,2,27899,49540,21641,57,True,0
Kamil Grosicki,MID,West Brom,1.8,1,0,16,0,23.4,410,175,2,0,4.6,20.8,2021-01-19T18:00:00Z,69,19,0,0,0,0,19,0,2332,1,2,2.0,5,10,45,35,53,False,0
James Tomkins,DEF,Crystal Palace,2.0,0,0,12,0,0.1,129,185,4,0,1.6,14.2,2021-01-17T19:15:00Z,90,12,0,0,0,0,19,0,4490,0,4,2.0,0,-100,584,684,45,False,0
Shkodran Mustafi,DEF,Arsenal,0.7,0,0,0,0,0.0,7,179,0,0,0.0,0.0,2021-01-18T20:00:00Z,0,14,0,0,0,0,19,0,4194,0,3,0.0,0,-81,100,181,50,True,0
James Ward-Prowse,MID,Southampton,3.0,0,0,9,0,17.3,370,183,2,0,2.4,3.0,2021-01-16T20:00:00Z,90,9,0,0,0,0,19,0,863547,0,2,4.0,2,-137714,26678,164392,62,False,0
Islam Slimani,FWD,Leicester,0.0,0,0,0,0,0.0,579,173,0,0,0.0,0.0,2021-01-19T20:15:00Z,0,5,0,0,0,0,19,0,6447,0,2,0.0,0,-397,201,598,49,True,0
Andrew Robertson,DEF,Liverpool,10.0,0,0,14,0,38.6,255,177,1,0,8.8,14.0,2021-01-21T20:00:00Z,90,4,0,0,0,0,19,0,1664698,1,0,35.0,2,-17952,60295,78247,74,True,0
Stuart Armstrong,MID,Southampton,1.7,0,0,10,0,23.5,368,183,2,0,3.8,10.2,2021-01-16T20:00:00Z,90,9,0,0,0,0,19,0,35005,0,2,4.0,2,-2968,1257,4225,55,False,0
Jamie Shackleton,MID,Leeds,0.8,0,0,0,0,0.0,210,182,0,0,0.0,0.0,2021-01-16T15:00:00Z,0,3,0,0,0,0,19,0,2286,1,0,0.0,0,4,52,48,48,True,0
Ayoze PÃÂÃÂÃÂÃÂ©rez,MID,Leicester,2.5,0,0,2,0,1.0,229,173,0,0,0.4,3.4,2021-01-19T20:15:00Z,14,5,0,0,0,0,19,0,55878,0,2,0.0,1,-306,1096,1402,60,True,0
AdriÃÂÃÂÃÂÃÂ¡n San Miguel del Castillo,GK,Liverpool,2.0,0,0,0,0,0.0,245,177,0,0,0.0,0.0,2021-01-21T20:00:00Z,0,4,0,0,0,0,19,0,27944,1,0,0.0,0,-535,620,1155,42,True,0
Taylor Perry,MID,Wolves,0.5,0,0,0,0,0.0,611,188,0,0,0.0,0.0,2021-01-16T12:30:00Z,0,18,0,0,0,0,19,0,518,3,2,0.0,0,2,47,45,45,True,0
James McCarthy,MID,Crystal Palace,-0.4,0,0,8,0,4.7,131,185,4,0,1.7,12.6,2021-01-17T19:15:00Z,90,12,0,0,0,0,19,0,86450,0,4,0.0,2,2907,8166,5259,43,False,0
Jordan Hugill,FWD,West Ham,0.0,0,0,0,0,0.0,444,175,0,0,0.0,0.0,2021-01-19T18:00:00Z,0,18,0,0,0,0,19,0,507,1,2,0.0,0,-6,2,8,55,True,0
Alexandre Lacazette,FWD,Arsenal,6.7,0,0,5,1,24.6,6,179,0,0,10.5,18.8,2021-01-18T20:00:00Z,90,14,0,0,0,0,19,0,443811,0,3,62.0,2,-56037,61342,117379,83,True,0
Conor Hourihane,MID,Aston Villa,-1.0,0,0,0,0,0.0,33,99,0,0,0.0,0.0,2021-01-23T20:00:00Z,0,14,0,0,0,0,19,0,9110,0,2,0.0,0,-93,62,155,59,True,0
Yves Bissouma,MID,Brighton,1.0,0,0,4,0,1.0,76,182,0,0,0.5,3.8,2021-01-16T15:00:00Z,28,10,0,0,0,0,19,0,170127,1,0,0.0,1,-20481,3803,24284,45,False,0
Mohammed Salisu,DEF,Southampton,-0.4,0,0,0,0,0.0,479,183,0,0,0.0,0.0,2021-01-16T20:00:00Z,0,9,0,0,0,0,19,0,5656,0,2,0.0,0,-112,9,121,43,False,0
NicolÃÂÃÂÃÂÃÂ¡s Otamendi,DEF,Man City,0.0,0,0,0,0,0.0,269,380,0,0,0.0,0.0,2021-01-20T18:00:00Z,0,2,0,0,0,0,19,0,15486,0,2,0.0,0,-49,4,53,49,True,0
Tammy Abraham,FWD,Chelsea,4.6,0,0,2,0,1.8,118,173,2,0,4.7,8.2,2021-01-19T20:15:00Z,90,9,0,0,0,0,19,0,331844,0,2,37.0,2,94866,120358,25492,72,False,0
Tomas Soucek,MID,West Ham,12.2,0,0,9,0,16.1,449,175,1,0,3.3,12.6,2021-01-19T18:00:00Z,90,18,0,0,0,0,19,0,1623913,1,2,4.0,2,502120,533016,30896,53,True,0
Sergio Romero,GK,Man Utd,0.0,0,0,0,0,0.0,289,171,0,0,0.0,0.0,2021-01-20T20:15:00Z,0,8,0,0,0,0,19,0,5871,2,1,0.0,0,-32,5,37,49,False,0
Joseph Willock,MID,Arsenal,0.9,0,0,0,0,0.0,20,179,0,0,0.0,0.0,2021-01-18T20:00:00Z,0,14,0,0,0,0,19,0,5654,0,3,0.0,0,-98,76,174,47,True,0
Lewis Richardson,FWD,Burnley,-2.0,0,0,0,0,0.0,592,177,0,0,0.0,0.0,2021-01-21T20:00:00Z,0,11,0,0,0,0,19,0,9002,1,0,0.0,0,156,887,731,45,False,0
Zeze Steven Sessegnon,DEF,Fulham,0.0,0,0,0,0,0.0,192,171,0,0,0.0,0.0,2021-01-20T20:15:00Z,0,13,0,0,0,0,19,0,3035,2,1,0.0,0,-26,14,40,43,True,0
Morgan Gibbs-White,MID,Wolves,1.1,0,0,9,0,33.0,473,188,0,0,4.2,9.2,2021-01-16T12:30:00Z,30,18,0,0,0,0,19,0,570,3,2,0.0,1,62,112,50,49,True,0
Jake Cain,MID,Liverpool,2.0,0,0,0,0,0.0,607,177,0,0,0.0,0.0,2021-01-21T20:00:00Z,0,4,0,0,0,0,19,0,220,1,0,0.0,0,2,21,19,45,True,0
Jack Harrison,MID,Leeds,3.8,0,0,11,0,11.5,203,182,1,0,4.3,11.0,2021-01-16T15:00:00Z,90,3,0,0,0,0,19,0,190489,1,0,20.0,2,-12860,22107,34967,54,True,0
Lewis Richards,DEF,Wolves,0.5,0,0,0,0,0.0,615,188,0,0,0.0,0.0,2021-01-16T12:30:00Z,0,18,0,0,0,0,19,0,1643,3,2,0.0,0,72,243,171,40,True,0
Sander Berge,MID,Sheffield Utd,0.0,0,0,0,0,0.0,360,186,0,0,0.0,0.0,2021-01-17T14:00:00Z,0,17,0,0,0,0,19,0,8042,3,1,0.0,0,-357,15,372,49,True,0
Aaron Cresswell,DEF,West Ham,13.4,0,0,14,0,43.0,435,175,1,0,6.8,25.0,2021-01-19T18:00:00Z,90,18,0,0,0,0,19,0,1432683,1,2,0.0,2,286229,317337,31108,54,True,0
Ryan Bertrand,DEF,Southampton,3.5,0,0,10,0,3.8,362,183,2,0,4.0,13.2,2021-01-16T20:00:00Z,90,9,0,0,0,0,19,0,82287,0,2,23.0,0,-2889,2321,5210,50,False,1
Donny van de Beek,MID,Man Utd,0.5,0,0,0,0,0.0,495,171,0,0,0.0,0.0,2021-01-20T20:15:00Z,0,8,0,0,0,0,19,0,115422,2,1,0.0,0,-1151,220,1371,66,False,0
Divock Origi,FWD,Liverpool,3.2,0,0,-1,0,2.8,256,177,0,0,4.0,6.4,2021-01-21T20:00:00Z,56,4,0,0,0,0,19,0,46344,1,0,31.0,1,282,1053,771,52,True,0
Romain SaÃÂÃÂÃÂÃÂ¯ss,DEF,Wolves,4.7,0,0,11,0,6.7,461,188,3,0,2.8,13.6,2021-01-16T12:30:00Z,90,18,0,0,0,0,19,0,762844,3,2,8.0,1,-61511,27298,88809,51,True,0
Giovani Lo Celso,MID,Spurs,0.0,0,0,0,0,0.0,403,186,0,0,0.0,0.0,2021-01-17T14:00:00Z,0,15,0,0,0,0,19,0,30425,3,1,0.0,0,-283,23,306,69,False,0
Taylor Harwood-Bellis,DEF,Man City,2.0,0,0,0,0,0.0,623,380,0,0,0.0,0.0,2021-01-20T18:00:00Z,0,2,0,0,0,0,19,0,404,0,2,0.0,0,19,68,49,40,True,0
Rui Pedro dos Santos PatrÃÂÃÂÃÂÃÂ­cio,GK,Wolves,1.7,0,0,11,0,0.0,455,188,3,0,1.5,15.0,2021-01-16T12:30:00Z,90,18,0,0,0,0,19,2,396886,3,2,0.0,1,-18135,6753,24888,54,True,0
MartÃÂÃÂÃÂÃÂ­n Montoya,DEF,Brighton,0.0,0,0,0,0,0.0,63,182,0,0,0.0,0.0,2021-01-16T15:00:00Z,0,10,0,0,0,0,19,0,622,1,0,0.0,0,9,17,8,45,False,0
Rob Holding,DEF,Arsenal,7.1,0,0,29,1,1.2,16,179,0,0,2.2,20.8,2021-01-18T20:00:00Z,90,14,0,0,0,0,19,0,325639,0,3,0.0,6,12377,53040,40663,45,True,0
Bamidele Alli,MID,Spurs,0.5,0,0,0,0,0.0,394,186,0,0,0.0,0.0,2021-01-17T14:00:00Z,0,15,0,0,0,0,19,0,42303,3,1,0.0,0,-268,127,395,74,False,0
Calum Chambers,DEF,Arsenal,0.5,0,0,0,0,0.0,13,179,0,0,0.0,0.0,2021-01-18T20:00:00Z,0,14,0,0,0,0,19,0,2085,0,3,0.0,0,-12,141,153,45,True,0
Jairo Riedewald,MID,Crystal Palace,0.2,0,0,4,0,0.0,144,185,1,0,0.2,2.2,2021-01-17T19:15:00Z,22,12,0,0,0,0,19,0,103942,0,4,0.0,1,-13179,2012,15191,44,False,0
Matt Doherty,DEF,Spurs,1.7,0,0,0,0,0.0,457,186,0,0,0.0,0.0,2021-01-17T14:00:00Z,0,15,0,0,0,0,19,0,365723,3,1,0.0,0,-7652,632,8284,57,False,0
RÃÂÃÂÃÂÃÂºnar Alex RÃÂÃÂÃÂÃÂºnarsson,GK,Arsenal,0.5,0,0,0,0,0.0,547,179,0,0,0.0,0.0,2021-01-18T20:00:00Z,0,14,0,0,0,0,19,0,3121,0,3,0.0,0,-10,104,114,45,True,0
Phil Jagielka,DEF,Sheffield Utd,-0.3,0,0,0,0,0.0,529,186,0,0,0.0,0.0,2021-01-17T14:00:00Z,0,17,0,0,0,0,19,0,41313,3,1,0.0,0,126,1789,1663,39,True,0
Dwight Gayle,FWD,Newcastle,0.1,0,0,2,0,0.1,329,99,0,0,0.2,0.0,2021-01-23T20:00:00Z,9,2,0,0,0,0,19,0,3641,0,2,4.0,1,-305,335,640,59,False,0
AdriÃÂÃÂÃÂÃÂ¡n BernabÃÂÃÂÃÂÃÂ©,MID,Man City,0.5,0,0,0,0,0.0,537,380,0,0,0.0,0.0,2021-01-20T18:00:00Z,0,2,0,0,0,0,19,0,936,0,2,0.0,0,-58,9,67,45,True,0
Naby Keita,MID,Liverpool,0.0,0,0,0,0,0.0,261,177,0,0,0.0,0.0,2021-01-21T20:00:00Z,0,4,0,0,0,0,19,0,14697,1,0,0.0,0,-195,8,203,52,True,0
Liam Delap,FWD,Man City,2.0,0,0,0,0,0.0,539,380,0,0,0.0,0.0,2021-01-20T18:00:00Z,0,2,0,0,0,0,19,0,93375,0,2,0.0,0,4314,13542,9228,44,True,0
Max Meyer,MID,Crystal Palace,0.0,0,0,0,0,0.0,143,185,0,0,0.0,0.0,2021-01-17T19:15:00Z,0,12,0,0,0,0,19,0,3060,0,4,0.0,0,-49,46,95,47,False,0
Hakim Ziyech,MID,Chelsea,2.6,0,0,3,0,0.1,114,173,0,0,2.2,4.8,2021-01-19T20:15:00Z,23,9,0,0,0,0,19,0,238522,0,2,17.0,0,46734,55646,8912,81,False,1
Jonny Evans,DEF,Leicester,10.5,0,1,25,1,0.7,219,173,0,0,3.7,19.6,2021-01-19T20:15:00Z,90,5,0,0,0,0,19,0,44029,0,2,17.0,7,2966,5096,2130,55,True,0
Kyle Edwards,MID,West Brom,-1.0,0,0,0,0,0.0,421,175,0,0,0.0,0.0,2021-01-19T18:00:00Z,0,19,0,0,0,0,19,0,1834,1,2,0.0,0,-17,23,40,47,False,0
Ola Aina,DEF,Fulham,3.0,0,0,8,0,0.5,562,171,2,0,1.0,9.6,2021-01-20T20:15:00Z,82,13,0,0,0,0,19,0,38133,2,1,0.0,0,1584,5803,4219,45,True,1
