team_code_20_21,element_type_20_21,now_cost_20_21,total_points_20_21,minutes_20_21,value_season_20_21,goals_scored_20_21,assists_20_21,dreamteam_count_20_21,clean_sheets_20_21,goals_conceded_20_21,own_goals_20_21,penalties_saved_20_21,penalties_missed_20_21,yellow_cards_20_21,red_cards_20_21,saves_20_21,bonus_20_21,bps_20_21,influence_20_21,influence_rank_20_21,influence_rank_type_20_21,creativity_20_21,creativity_rank_20_21,creativity_rank_type_20_21,threat_20_21,threat_rank_20_21,threat_rank_type_20_21,ict_index_20_21,ict_index_rank_20_21,ict_index_rank_type_20_21,selected_by_percent_20_21
3,3,67,0,0,0.0,0,0,0,0,0,0,0,0,0,0,0,0,0,0.0,713,295,0.0,713,295,0.0,713,295,0.0,713,295,0.5
3,2,48,0,0,0.0,0,0,0,0,0,0,0,0,0,0,0,0,0,0.0,682,240,0.0,674,241,0.0,667,238,0.0,685,240,0.1
3,2,54,41,1396,7.6,1,0,0,3,20,0,0,0,1,1,0,0,230,250.6,264,101,46.7,346,119,144.0,244,70,43.9,310,105,0.8
3,3,113,131,2330,11.6,10,3,3,10,26,1,0,0,2,0,0,11,358,493.8,136,49,361.5,101,71,823.0,34,18,167.4,52,31,7.2
3,2,46,28,744,6.1,0,1,0,2,11,0,0,0,1,0,0,3,125,110.8,366,140,114.8,249,65,66.0,330,110,29.2,356,125,0.3
3,4,84,129,1916,15.4,13,3,4,7,21,0,0,0,3,0,0,21,452,602.4,69,8,307.4,133,18,797.0,38,18,170.4,50,17,4.3
3,2,50,3,45,0.6,0,0,0,0,1,0,0,0,0,0,0,0,16,11.6,473,177,1.0,462,176,0.0,691,245,1.3,488,180,0.0
3,1,50,131,3131,26.2,0,0,2,11,37,1,1,0,0,1,86,11,625,702.2,45,14,0.0,695,74,2.0,448,5,70.3,231,15,7.3
3,3,52,70,2519,13.5,1,2,0,10,27,0,0,0,7,1,0,1,396,456.0,160,60,327.6,116,79,154.0,232,118,94.0,159,88,0.4
3,2,44,34,900,7.7,0,0,0,4,8,0,0,0,2,0,0,1,182,163.2,326,125,26.4,379,137,16.0,400,153,20.6,384,135,0.1
3,2,50,94,2089,18.8,1,3,3,7,24,0,0,0,8,0,0,17,421,362.8,204,81,351.8,107,22,232.0,170,32,94.7,158,39,3.5
3,2,45,36,751,8.0,0,3,1,2,10,0,0,0,0,0,0,3,168,171.8,313,120,169.4,209,51,77.0,320,108,41.9,316,108,0.2
3,2,48,2,90,0.4,0,0,0,0,1,0,0,0,0,0,0,0,9,3.6,487,179,5.4,439,167,4.0,435,164,1.3,487,179,0.1
3,2,43,105,2557,24.4,0,1,1,11,26,1,0,0,2,0,0,10,536,602.6,68,24,76.1,314,97,97.0,288,93,77.7,211,64,4.7
3,2,52,96,2299,18.5,1,4,1,8,27,0,0,0,4,0,0,4,483,446.4,165,64,490.1,61,12,201.0,187,42,113.9,115,21,4.3
3,3,77,114,1606,14.8,10,3,2,4,21,0,0,0,1,1,0,11,351,476.2,148,55,235.9,175,111,774.0,39,21,148.5,74,45,2.4
3,3,47,0,0,0.0,0,0,0,0,0,0,0,0,0,0,0,0,0,0.0,677,279,0.0,669,279,0.0,662,277,0.0,680,279,0.1
3,3,51,2,70,0.4,0,0,0,0,0,0,0,0,0,0,0,0,2,4.2,485,204,9.7,425,196,10.0,412,190,2.4,470,200,0.0
3,4,53,36,411,6.8,2,1,0,1,6,0,0,0,0,0,0,5,120,116.6,359,43,97.3,276,43,211.0,181,46,42.1,314,46,0.5
3,3,42,74,1438,17.6,2,5,1,9,10,0,0,0,0,0,0,3,308,273.2,251,107,385.1,92,65,222.0,175,95,88.1,175,97,3.5
3,3,51,114,2554,22.4,5,5,2,8,31,1,0,0,1,0,0,8,414,493.0,137,50,650.6,37,28,984.0,20,8,212.7,27,18,7.2
3,3,47,0,0,0.0,0,0,0,0,0,0,0,0,0,0,0,0,0,0.0,679,281,0.0,671,281,0.0,664,279,0.0,682,281,0.1
3,3,49,36,582,7.3,2,1,0,4,3,0,0,0,0,0,0,0,107,142.6,342,145,133.8,233,141,300.0,132,77,57.5,265,123,0.3
3,2,40,0,0,0.0,0,0,0,0,0,0,0,0,0,0,0,0,0,0.0,559,214,0.0,538,214,0.0,515,204,0.0,568,214,0.4
3,1,41,37,1260,9.0,0,0,0,3,21,0,0,0,1,0,24,0,216,193.6,293,23,10.7,418,4,2.0,440,4,20.6,383,23,5.6
3,3,75,78,1398,10.4,1,7,1,3,17,0,0,0,0,0,0,9,306,256.2,260,111,534.8,52,39,228.0,171,94,102.3,139,79,2.7
3,2,49,78,1996,15.9,2,0,1,6,24,0,0,0,2,1,0,7,385,464.8,154,61,51.0,341,115,233.0,168,31,74.9,218,67,4.6
3,3,47,62,1609,13.2,0,4,0,6,17,0,0,0,4,0,0,7,331,359.8,207,83,422.3,77,55,141.0,249,125,92.4,166,90,0.7
3,3,42,50,1538,11.9,1,0,1,5,20,0,0,0,3,0,0,3,258,200.2,288,123,99.9,271,156,79.0,316,157,37.8,332,147,1.3
3,1,40,0,0,0.0,0,0,0,0,0,0,0,0,0,0,0,0,0,0.0,532,53,0.0,509,26,0.0,485,21,0.0,541,53,0.9
3,1,44,1,15,0.2,0,0,0,0,0,0,0,0,0,0,2,0,8,16.6,461,37,0.0,588,57,0.0,570,53,1.7,482,38,0.1
3,3,49,47,1529,9.6,0,2,0,6,18,0,0,0,5,0,0,0,273,289.4,239,100,195.7,195,119,129.0,258,129,61.7,258,119,0.3
3,3,56,40,861,7.1,1,2,1,3,12,0,0,0,0,0,0,3,183,169.8,317,137,322.8,121,82,167.0,213,109,65.9,247,115,0.6
3,3,45,0,0,0.0,0,0,0,0,0,0,0,0,0,0,0,0,0,0.0,643,256,0.0,632,255,0.0,620,251,0.0,647,257,0.0
7,1,53,186,3420,35.1,0,0,2,15,46,0,1,0,1,0,142,27,825,1067.2,4,2,20.0,390,2,0.0,703,76,108.5,121,2,37.9
7,1,45,0,0,0.0,0,0,0,0,0,0,0,0,0,0,0,0,0,0.0,618,77,0.0,604,60,0.0,590,56,0.0,624,77,0.1
7,2,42,33,833,7.9,0,0,1,3,9,0,0,0,2,0,0,4,190,170.4,316,121,201.8,191,43,65.0,332,112,43.9,309,104,0.3
7,3,43,0,0,0.0,0,0,0,0,0,0,0,0,0,0,0,0,0,0.0,573,217,0.0,556,217,0.0,537,208,0.0,581,220,0.1
7,2,42,-1,15,-0.2,0,0,0,0,2,0,0,0,1,0,0,0,1,0.8,503,184,0.7,466,178,0.0,531,216,0.2,505,184,0.2
7,1,39,0,0,0.0,0,0,0,0,0,0,0,0,0,0,0,0,0,0.0,515,45,0.0,491,17,0.0,465,12,0.0,524,45,4.4
7,3,59,20,225,3.4,1,1,1,2,2,0,0,0,0,0,0,3,70,65.4,407,175,82.9,302,168,33.0,373,178,18.2,393,175,0.1
7,3,59,0,0,0.0,0,0,0,0,0,0,0,0,0,0,0,0,0,0.0,709,294,0.0,710,294,0.0,710,294,0.0,711,294,0.0
7,1,40,0,0,0.0,0,0,0,0,0,0,0,0,0,0,0,0,0,0.0,530,51,0.0,507,24,0.0,483,19,0.0,539,51,3.3
7,2,44,0,0,0.0,0,0,0,0,0,0,0,0,0,0,0,0,0,0.0,601,232,0.0,587,233,0.0,569,228,0.0,609,232,0.1
7,3,75,135,2183,18.0,6,12,2,12,28,0,0,0,6,0,0,13,531,707.4,44,16,1029.6,9,6,917.0,27,13,265.3,11,7,14.6
7,3,55,114,3330,20.7,3,7,0,14,46,0,0,0,12,0,0,2,492,579.0,83,27,600.5,43,31,361.0,104,62,154.1,66,38,1.1
7,2,44,32,630,7.3,1,0,1,3,6,0,0,0,2,0,0,3,124,147.0,339,132,2.2,448,172,57.0,343,121,20.7,381,134,0.1
7,3,52,56,1157,10.8,2,1,1,6,14,0,0,0,0,0,0,3,152,213.6,283,119,180.1,206,125,478.0,73,41,86.7,185,101,0.4
7,2,54,128,3194,23.7,2,2,2,14,42,1,0,0,4,1,0,8,633,798.4,22,3,97.3,277,75,293.0,138,18,119.3,101,18,7.8
7,2,50,138,3404,27.6,0,4,2,16,44,0,0,0,7,0,0,9,710,690.4,54,16,607.0,42,9,122.0,262,79,142.2,80,13,12.0
7,2,45,0,0,0.0,0,0,0,0,0,0,0,0,0,0,0,0,0,0.0,624,235,0.0,614,236,0.0,600,231,0.0,630,235,0.0
7,3,43,27,747,6.3,0,1,0,4,6,0,0,0,3,0,0,1,115,110.8,365,157,32.5,363,183,10.0,411,189,15.4,400,178,0.4
7,3,52,111,1604,21.3,10,0,2,5,22,0,0,0,2,0,0,13,339,500.4,131,47,426.1,75,54,726.0,44,24,165.1,55,33,1.2
7,2,46,119,3195,25.9,2,0,1,12,46,0,0,0,3,0,0,8,580,695.6,49,11,34.2,359,126,276.0,150,22,101.0,146,33,6.2
7,2,43,0,0,0.0,0,0,0,0,0,0,0,0,0,0,0,0,0,0.0,588,227,0.0,572,228,0.0,553,222,0.0,596,227,0.1
7,4,60,3,15,0.5,0,0,0,0,1,0,0,0,0,0,0,0,11,5.0,482,62,1.1,461,67,17.0,398,62,2.3,472,62,0.0
7,4,59,0,0,0.0,0,0,0,0,0,0,0,0,0,0,0,0,0,0.0,711,91,0.0,712,92,0.0,711,92,0.0,712,92,0.0
7,4,42,23,265,5.5,1,1,0,1,1,0,0,0,0,0,0,0,85,77.2,393,49,76.7,313,46,169.0,210,49,31.7,351,49,7.6
7,4,43,0,0,0.0,0,0,0,0,0,0,0,0,0,0,0,0,0,0.0,591,68,0.0,576,72,0.0,557,72,0.0,599,73,0.5
7,3,48,72,2781,15.0,0,2,0,12,41,0,0,0,8,1,0,0,358,403.4,185,72,304.5,135,90,189.0,197,101,90.0,169,93,0.2
7,3,58,76,1566,13.1,3,2,1,8,24,0,0,0,0,0,0,4,286,274.2,249,105,579.3,46,34,431.0,85,49,128.6,89,54,0.7
7,2,50,89,2373,17.8,0,2,1,11,35,0,0,0,6,1,0,8,468,520.8,115,42,352.9,106,21,110.0,273,86,98.7,151,35,0.7
7,4,63,168,3328,26.7,14,9,3,14,46,0,0,1,2,1,0,18,531,815.4,19,4,610.4,41,3,1721.0,2,1,314.0,6,2,22.1
7,3,58,135,2315,23.3,7,7,2,11,31,0,0,0,1,0,0,7,407,528.4,110,40,530.6,55,41,917.0,26,12,197.6,38,25,0.7
7,3,45,28,611,6.2,0,0,0,2,10,0,0,0,0,0,0,0,75,72.8,398,171,91.7,283,162,126.0,259,130,28.9,358,162,0.1
7,3,55,10,288,1.8,0,0,0,1,4,0,0,0,3,0,0,0,29,25.8,445,190,28.8,375,187,10.0,413,191,6.2,442,194,0.0
7,3,45,0,0,0.0,0,0,0,0,0,0,0,0,0,0,0,0,0,0.0,658,266,0.0,647,265,0.0,638,264,0.0,662,267,0.0
7,3,45,2,18,0.4,0,0,0,0,0,0,0,0,0,0,0,0,7,1.0,502,213,1.1,460,209,5.0,428,200,0.6,493,206,0.0
7,3,44,1,1,0.2,0,0,0,0,0,0,0,0,0,0,0,0,2,0.0,614,236,0.5,469,211,0.0,587,230,0.1,515,218,0.0
36,4,48,0,0,0.0,0,0,0,0,0,0,0,0,0,0,0,0,0,0.0,681,82,0.0,673,84,0.0,666,85,0.0,684,85,0.1
36,3,62,58,1584,9.4,1,1,0,5,18,0,0,0,0,0,0,2,265,255.2,262,113,355.7,105,73,302.0,131,76,91.0,168,92,0.3
36,3,58,116,2479,20.0,3,8,0,10,28,0,0,1,3,0,0,11,525,620.4,65,20,1087.8,6,4,415.0,89,52,212.3,28,19,0.4
36,2,43,0,0,0.0,0,0,0,0,0,0,0,0,0,0,0,0,0,0.0,576,223,0.0,559,224,0.0,540,218,0.0,584,223,0.0
36,3,47,9,209,1.9,0,0,0,0,2,0,0,0,0,0,0,0,38,24.0,448,191,5.1,440,200,52.0,349,169,8.2,426,185,0.0
36,3,50,0,0,0.0,0,0,0,0,0,0,0,0,0,0,0,0,0,0.0,699,287,0.0,694,287,0.0,692,286,0.0,702,287,0.0
36,2,42,64,2057,15.2,1,0,0,6,28,1,0,0,5,0,0,1,330,389.0,189,75,183.1,202,49,214.0,180,39,78.2,208,61,0.7
36,2,48,130,2932,27.1,5,0,3,11,40,1,0,0,5,2,0,17,626,720.4,42,9,136.7,230,58,443.0,83,3,130.2,87,15,5.9
36,2,45,0,0,0.0,0,0,0,0,0,0,0,0,0,0,0,0,0,0.0,621,234,0.0,608,235,0.0,594,230,0.0,627,234,0.0
36,4,48,0,0,0.0,0,0,0,0,0,0,0,0,0,0,0,0,0,0.0,687,84,0.0,681,86,0.0,674,87,0.0,690,87,0.1
36,3,49,69,1670,14.1,2,2,1,7,25,0,0,0,0,0,0,6,283,368.6,200,79,414.3,79,56,322.0,119,68,110.5,119,69,0.4
36,2,43,85,2594,19.8,1,0,0,9,35,0,0,0,4,0,0,0,470,505.4,126,46,96.6,278,76,244.0,161,26,84.6,192,51,1.0
36,2,43,96,2280,22.3,1,1,2,9,27,0,0,0,3,0,0,10,432,484.4,143,56,366.0,100,20,169.0,211,55,102.1,140,30,1.3
36,4,58,105,2508,18.1,8,2,1,10,34,0,0,1,1,1,0,12,334,442.2,168,20,443.2,72,7,1103.0,15,10,198.5,37,11,2.1
36,3,55,132,2602,24.0,5,6,5,12,30,0,0,0,2,0,0,15,406,543.4,101,35,725.1,25,21,759.0,41,22,202.8,34,22,1.8
36,3,54,24,520,4.4,0,1,0,1,9,0,0,0,3,0,0,0,102,73.2,397,170,162.8,214,128,221.0,176,96,45.5,303,139,0.0
36,3,55,1,8,0.2,0,0,0,0,0,0,0,0,0,0,0,0,2,3.2,489,206,1.3,456,206,7.0,422,198,1.2,489,204,0.0
36,2,44,0,0,0.0,0,0,0,0,0,0,0,0,0,0,0,0,0,0.0,602,233,0.0,590,234,0.0,572,229,0.0,610,233,0.0
36,2,45,104,3192,23.1,0,0,1,12,44,0,0,0,3,1,0,5,571,488.6,140,54,152.5,221,55,153.0,234,65,79.7,202,57,1.9
36,2,39,5,205,1.3,0,0,0,0,3,0,0,0,0,0,0,0,30,27.2,440,165,32.4,364,128,69.0,325,109,12.8,410,151,4.0
36,3,44,77,3112,17.5,1,0,0,11,42,0,0,0,8,1,0,2,487,523.6,112,41,295.5,138,91,196.0,192,100,101.1,144,82,1.6
36,2,46,35,887,7.6,1,3,0,2,15,0,0,0,2,1,0,2,156,147.8,338,131,162.9,213,53,156.0,227,63,46.7,299,99,2.2
36,4,52,38,783,7.3,2,1,0,1,17,0,0,0,0,0,0,2,95,104.2,371,44,74.1,316,47,307.0,127,40,48.2,294,42,0.3
36,3,41,35,892,8.5,1,0,1,5,17,0,0,0,2,0,0,3,141,132.2,349,148,154.9,219,131,88.0,296,147,37.6,333,148,0.9
36,3,53,48,1108,9.1,1,1,0,5,14,0,0,0,1,0,0,3,148,170.6,315,136,210.6,185,117,235.0,166,92,61.5,259,120,0.0
36,1,40,0,0,0.0,0,0,0,0,0,0,0,0,0,0,0,0,0,0.0,531,52,0.0,508,25,0.0,484,20,0.0,540,52,1.1
36,1,39,0,0,0.0,0,0,0,0,0,0,0,0,0,0,0,0,0,0.0,514,44,0.0,489,15,0.0,463,10,0.0,523,44,0.8
36,3,45,1,1,0.2,0,0,0,0,0,0,0,0,0,0,0,0,3,0.0,631,246,0.0,621,245,0.0,607,240,0.0,636,247,0.0
36,4,50,9,164,1.8,0,0,0,0,2,0,0,0,0,0,0,0,25,16.0,464,57,18.8,394,55,107.0,276,53,14.2,403,53,0.1
36,4,55,89,1541,16.2,6,4,2,6,18,0,0,1,0,0,0,15,286,319.8,227,24,269.7,153,20,595.0,58,25,117.7,105,24,0.6
36,1,45,101,2430,22.4,0,0,3,10,27,0,0,0,2,0,66,8,514,542.2,102,18,10.0,421,7,4.0,432,2,55.8,269,18,3.4
36,3,49,7,101,1.4,0,1,0,0,2,0,0,0,0,0,0,0,31,26.8,441,189,35.8,355,179,6.0,427,199,6.9,434,191,0.0
36,3,50,21,643,4.2,0,0,0,2,10,0,0,0,0,0,0,0,59,63.8,409,176,62.2,332,174,162.0,219,113,28.8,359,163,0.0
36,3,45,1,4,0.2,0,0,0,0,0,0,0,0,0,0,0,0,3,0.0,659,267,0.0,649,267,2.0,444,204,0.2,510,216,0.0
36,3,45,0,0,0.0,0,0,0,0,0,0,0,0,0,0,0,0,0,0.0,637,252,0.0,627,251,0.0,613,246,0.0,642,253,0.0
36,3,45,0,0,0.0,0,0,0,0,0,0,0,0,0,0,0,0,0,0.0,626,242,0.0,617,242,0.0,603,237,0.0,632,244,0.0
36,3,45,0,0,0.0,0,0,0,0,0,0,0,0,0,0,0,0,0,0.0,644,257,0.0,633,256,0.0,621,252,0.0,648,258,0.0
36,1,39,0,0,0.0,0,0,0,0,0,0,0,0,0,0,0,0,0,0.0,519,46,0.0,495,18,0.0,470,13,0.0,528,46,0.3
36,2,45,0,0,0.0,0,0,0,0,0,0,0,0,0,0,0,0,0,0.0,645,236,0.0,634,237,0.0,623,232,0.0,649,236,0.0
36,3,50,0,0,0.0,0,0,0,0,0,0,0,0,0,0,0,0,0,0.0,701,289,0.0,697,289,0.0,695,289,0.0,704,289,0.0
90,3,42,8,257,1.9,0,0,0,0,4,0,0,0,1,0,0,0,33,31.0,439,188,8.3,428,197,41.0,363,174,8.0,427,186,3.1
90,2,53,109,3240,20.6,1,0,1,11,50,0,0,0,6,0,0,9,534,773.4,27,6,148.0,223,56,350.0,109,10,127.7,90,16,3.0
90,2,44,2,273,0.5,0,0,0,0,8,0,0,0,2,0,0,0,28,39.4,426,161,12.9,406,153,6.0,423,160,5.9,445,165,0.2
90,2,43,50,1260,11.6,0,3,0,3,19,1,0,0,1,0,0,5,203,199.4,291,113,77.0,310,95,63.0,336,115,34.0,343,121,0.4
90,3,50,33,1350,6.6,0,0,0,4,24,0,0,0,2,0,0,0,154,140.0,343,146,126.2,242,145,82.0,309,154,34.9,338,151,0.0
90,2,43,14,636,3.3,0,0,0,1,13,0,0,0,2,0,0,1,85,102.6,373,143,12.0,411,155,25.0,384,144,14.0,405,149,0.1
90,4,57,54,1248,9.5,1,3,1,4,25,0,0,0,3,0,0,2,125,149.8,336,39,97.4,275,42,449.0,80,32,68.9,236,34,0.3
90,4,60,52,1324,8.7,3,0,0,6,19,0,0,0,4,0,0,7,107,153.8,332,38,243.6,169,25,548.0,59,26,93.8,160,29,0.2
90,2,47,102,2693,21.7,2,0,1,10,41,0,0,0,3,0,0,7,500,691.0,53,15,71.6,320,101,312.0,125,15,107.9,123,23,2.9
90,3,53,112,3410,21.1,3,4,1,11,55,0,0,0,7,0,0,5,585,559.2,93,31,843.2,16,12,156.0,228,115,156.1,63,36,0.7
90,3,54,50,1358,9.3,2,0,0,3,24,0,0,0,2,0,0,3,175,193.6,294,126,160.8,216,129,170.0,208,106,52.3,285,133,0.0
90,4,66,138,2741,20.9,12,3,1,9,43,0,0,0,0,0,0,16,395,595.8,71,9,323.2,120,15,1129.0,13,9,204.0,32,9,5.6
90,2,44,103,3060,23.4,1,1,1,10,47,0,0,0,5,0,0,6,545,551.2,96,35,380.8,95,19,125.0,260,78,105.8,129,27,2.5
90,4,48,62,1359,12.9,3,2,0,3,24,0,0,0,0,0,0,2,194,197.4,292,32,194.0,197,31,491.0,70,29,87.3,182,30,1.5
90,2,39,0,0,0.0,0,0,0,0,0,0,0,0,0,0,0,0,0,0.0,516,189,0.0,492,188,0.0,466,176,0.0,525,189,0.1
90,3,50,44,1047,8.8,1,1,0,7,6,0,0,0,3,0,0,3,157,174.2,312,134,133.9,232,140,168.0,212,108,47.2,297,138,0.0
90,1,55,144,2880,26.2,0,0,2,11,37,0,0,0,1,0,114,20,652,846.6,14,7,20.0,391,3,2.0,449,6,86.8,184,6,9.6
90,2,44,83,2425,18.9,0,2,0,8,42,0,0,0,1,0,0,5,451,494.4,135,52,248.5,166,37,52.0,348,123,79.5,203,58,1.4
90,3,49,74,2812,15.1,0,1,0,10,42,0,0,0,2,0,0,0,359,350.4,215,88,309.1,129,86,384.0,97,56,104.5,133,76,0.1
90,1,40,3,360,0.8,0,0,0,0,14,0,0,0,0,0,10,0,49,82.6,387,27,0.0,515,30,0.0,492,26,8.2,425,27,1.1
90,3,57,113,3068,19.8,2,5,2,11,50,0,0,0,1,0,0,8,493,591.8,75,23,790.3,20,16,277.0,148,88,166.3,54,32,0.5
90,2,38,9,270,2.4,1,0,0,0,6,0,0,0,1,0,0,0,50,79.6,391,151,22.1,384,141,81.0,310,103,18.3,392,142,4.1
90,2,39,0,0,0.0,0,0,0,0,0,0,0,0,0,0,0,0,0,0.0,523,194,0.0,499,193,0.0,475,183,0.0,532,194,0.4
90,3,44,10,260,2.3,0,0,0,1,7,0,0,0,0,0,0,0,27,16.0,463,196,7.9,432,198,13.0,404,186,3.7,455,196,0.0
90,2,39,0,0,0.0,0,0,0,0,0,0,0,0,0,0,0,0,0,0.0,518,191,0.0,494,190,0.0,469,179,0.0,527,191,0.1
90,3,45,0,0,0.0,0,0,0,0,0,0,0,0,0,0,0,0,0,0.0,625,241,0.0,615,241,0.0,601,236,0.0,631,243,0.0
90,1,40,3,180,0.8,0,0,0,0,4,0,0,0,0,0,2,0,20,15.2,465,39,10.0,420,6,0.0,487,22,2.6,465,34,0.1
90,4,45,0,0,0.0,0,0,0,0,0,0,0,0,0,0,0,0,0,0.0,654,75,0.0,643,77,0.0,634,78,0.0,658,78,0.1
90,4,45,2,3,0.4,0,0,0,0,0,0,0,0,0,0,0,0,5,0.0,651,74,0.0,640,76,0.0,631,77,0.0,655,77,0.1
90,3,44,0,0,0.0,0,0,0,0,0,0,0,0,0,0,0,0,0,0.0,613,235,0.0,601,235,0.0,585,228,0.0,621,238,0.0
90,4,45,3,37,0.7,0,0,0,0,1,0,0,0,1,0,0,0,5,0.0,641,73,1.8,450,65,0.0,617,76,0.1,516,72,0.0
90,2,40,0,0,0.0,0,0,0,0,0,0,0,0,0,0,0,0,0,0.0,534,199,0.0,511,198,0.0,488,188,0.0,543,199,0.0
8,1,46,1,90,0.2,0,0,0,0,3,0,0,0,0,0,0,0,7,4.2,484,41,0.0,659,67,0.0,649,63,0.4,499,41,0.2
8,2,58,113,2187,19.5,1,2,1,13,20,0,0,0,5,1,0,12,518,502.2,128,48,413.3,81,17,164.0,217,57,107.9,124,24,6.4
8,4,67,47,740,7.0,4,0,1,4,5,0,0,0,1,0,0,6,139,161.4,327,37,112.0,254,39,403.0,91,34,67.2,243,35,1.1
8,2,56,57,958,10.2,2,1,1,5,13,0,0,0,2,0,0,5,225,224.2,278,109,204.1,187,41,328.0,117,13,75.6,217,66,2.2
8,3,47,114,2006,24.3,7,2,5,14,17,0,0,2,2,0,0,15,485,588.8,76,24,383.5,94,67,175.0,206,104,114.9,110,65,4.7
8,3,53,54,1809,10.2,0,1,0,9,26,0,0,0,4,0,0,0,332,332.4,221,92,384.8,93,66,153.0,235,120,87.0,183,100,0.3
8,2,47,93,1710,19.8,1,0,1,11,10,1,0,0,0,0,0,9,429,368.6,199,79,83.8,301,89,201.0,186,41,65.4,249,82,5.6
8,2,53,108,2027,20.4,5,0,4,9,25,0,0,0,3,0,0,6,481,577.8,84,30,72.6,319,100,339.0,113,12,99.0,150,34,8.0
8,2,47,7,88,1.5,0,0,0,1,0,0,0,0,0,0,0,0,24,17.4,457,171,7.7,433,164,2.0,446,168,2.7,463,171,0.1
8,1,47,26,585,5.5,0,0,0,2,8,0,0,0,1,0,16,5,117,113.6,362,26,0.0,664,68,0.0,655,65,11.3,415,26,0.6
8,3,49,62,2140,12.7,0,2,0,10,24,0,0,0,7,0,0,0,375,449.0,164,63,347.3,110,74,96.0,290,143,89.7,172,94,2.4
8,3,79,70,1164,8.9,2,3,2,10,7,0,0,0,3,0,0,8,239,274.8,247,104,485.6,63,46,369.0,100,59,112.8,116,67,2.1
8,2,47,61,1371,13.0,0,0,1,8,17,0,0,0,2,1,0,9,323,293.4,235,92,80.9,305,92,34.0,371,137,40.9,320,111,1.1
8,4,92,128,2598,13.9,6,12,2,13,29,0,0,0,2,0,0,7,394,514.8,119,15,532.4,53,4,1276.0,10,7,232.5,20,7,10.8
8,4,71,69,1031,9.7,6,2,1,5,12,0,0,0,0,0,0,8,224,277.2,245,27,121.6,244,37,483.0,71,30,86.6,188,32,2.0
8,3,83,82,1731,9.9,4,3,1,7,21,0,0,0,2,0,0,3,264,361.4,205,82,378.8,96,68,724.0,45,25,146.2,75,46,2.8
8,3,73,147,2887,20.1,6,7,2,14,32,0,0,0,2,0,0,16,599,770.4,28,9,1336.9,2,2,954.0,22,9,306.3,7,5,17.3
8,2,47,0,45,0.0,0,0,0,0,2,0,0,0,0,0,0,0,8,26.6,443,167,0.1,479,183,0.0,660,237,2.7,464,172,0.2
8,3,57,59,1050,10.4,2,3,0,6,5,0,0,0,0,0,0,2,239,291.8,237,98,471.5,66,48,336.0,114,65,109.9,120,70,0.4
8,2,51,112,2367,22.0,1,3,2,9,29,0,0,0,3,0,0,15,572,527.4,111,40,697.3,27,6,399.0,94,6,162.8,58,7,6.9
8,3,43,8,259,1.9,0,0,0,1,2,0,0,0,0,0,0,0,38,36.0,432,184,50.9,342,177,8.0,419,195,9.5,424,184,0.1
8,2,59,139,2286,23.6,3,6,2,12,23,0,0,0,3,0,0,11,549,545.0,99,36,535.8,51,10,408.0,90,5,148.5,73,10,14.6
8,2,56,92,1935,16.4,2,0,2,10,25,0,0,0,3,1,0,10,481,537.8,105,38,84.9,298,86,223.0,173,34,84.5,195,54,2.8
8,3,83,91,1512,11.0,4,6,1,8,15,0,0,0,2,0,0,3,268,325.0,224,93,307.7,132,88,514.0,65,37,114.2,113,66,3.1
8,1,53,140,2745,26.4,0,0,0,16,25,0,1,0,2,0,57,8,613,470.2,153,19,0.0,704,78,0.0,704,77,47.2,298,19,10.9
8,1,40,0,0,0.0,0,0,0,0,0,0,0,0,0,0,0,0,0,0.0,547,59,0.0,526,33,0.0,503,29,0.0,556,59,0.6
8,3,45,0,0,0.0,0,0,0,0,0,0,0,0,0,0,0,0,0,0.0,633,248,0.0,623,247,0.0,609,242,0.0,638,249,0.0
8,2,40,0,0,0.0,0,0,0,0,0,0,0,0,0,0,0,0,0,0.0,553,210,0.0,532,210,0.0,509,200,0.0,562,210,0.0
31,4,57,41,717,7.2,2,2,0,2,15,0,0,0,0,0,0,2,113,132.8,348,41,113.5,251,38,210.0,182,47,45.5,304,44,0.6
31,2,45,53,1800,11.8,1,1,1,4,39,0,0,0,3,0,0,6,308,406.2,183,72,90.1,287,81,157.0,225,61,65.7,248,81,0.2
31,1,43,0,0,0.0,0,0,0,0,0,0,0,0,0,0,0,0,0,0.0,572,67,0.0,554,44,0.0,535,40,0.0,580,67,0.3
31,2,44,4,275,0.9,0,0,0,0,8,0,0,0,0,0,0,0,33,36.6,431,162,1.6,452,175,6.0,424,161,4.5,452,167,0.1
31,1,48,124,3330,25.8,0,0,4,8,64,0,1,0,2,0,107,15,639,819.4,17,8,0.0,675,69,0.0,668,66,82.2,198,8,3.6
31,2,44,18,551,4.1,0,0,0,2,12,0,0,0,1,0,0,2,97,101.2,376,145,11.4,414,156,29.0,376,139,14.1,404,148,0.0
31,3,52,45,1465,8.7,0,2,0,4,26,0,0,0,3,0,0,3,228,285.2,241,102,202.2,190,118,65.0,334,166,55.2,272,126,0.1
31,3,43,26,816,6.0,0,0,0,2,15,0,0,0,1,0,0,0,129,112.2,363,156,87.2,295,166,10.0,410,188,20.9,379,173,0.7
31,4,55,106,1808,19.3,10,2,3,5,34,0,0,0,1,1,0,14,338,512.6,123,16,236.5,174,27,1030.0,18,12,177.7,46,15,1.3
31,3,48,82,3121,17.1,1,0,0,8,56,0,0,0,4,0,0,2,438,574.8,87,28,103.0,262,152,134.0,254,128,81.3,200,104,0.3
31,2,43,66,2255,15.3,0,1,1,7,43,0,0,0,5,0,0,6,353,366.8,201,80,118.2,246,63,28.0,380,141,51.3,287,96,1.2
31,2,41,1,1,0.2,0,0,0,0,0,0,0,0,0,0,0,0,3,2.2,494,182,0.0,549,222,0.0,526,212,0.2,504,183,0.2
31,4,44,0,0,0.0,0,0,0,0,0,0,0,0,0,0,0,0,0,0.0,600,69,0.0,586,73,0.0,568,73,0.0,608,74,0.5
31,3,55,94,2250,17.1,1,5,0,7,37,0,0,0,0,0,0,8,378,511.4,124,45,694.6,28,22,311.0,126,72,152.1,70,42,1.1
31,3,56,63,2357,11.2,1,1,1,7,47,0,0,1,8,1,0,3,332,410.8,181,70,329.6,115,78,143.0,246,124,88.4,173,95,0.2
31,2,54,54,1775,10.0,0,2,0,4,36,0,0,0,2,0,0,5,313,298.6,231,91,195.3,196,47,198.0,191,45,69.1,235,75,0.4
31,4,56,70,2086,12.5,1,4,0,6,42,0,0,0,4,0,0,2,216,278.6,243,26,238.6,173,26,451.0,79,31,96.6,154,28,1.4
31,3,71,136,2612,19.2,11,4,3,6,52,0,0,0,6,0,0,11,362,572.6,89,29,428.5,74,53,1003.0,19,7,200.4,36,24,9.9
31,3,53,65,1415,12.3,2,3,1,5,26,0,0,0,3,0,0,3,194,336.6,220,91,242.1,170,108,304.0,129,74,88.2,174,96,0.1
31,3,47,0,0,0.0,0,0,0,0,0,0,0,0,0,0,0,0,0,0.0,673,277,0.0,665,277,0.0,656,275,0.0,676,277,0.0
31,3,44,64,1810,14.5,2,0,1,4,39,0,0,0,4,0,0,4,249,274.0,250,106,160.4,217,130,88.0,298,148,52.4,284,132,0.7
31,2,38,0,0,0.0,0,0,0,0,0,0,0,0,0,0,0,0,0,0.0,510,187,0.0,484,186,0.0,456,172,0.0,519,187,0.6
31,2,38,58,1710,15.3,1,2,2,4,32,0,0,0,1,0,0,5,287,387.6,190,76,76.8,311,96,60.0,341,120,52.5,283,94,12.8
31,3,43,0,0,0.0,0,0,0,0,0,0,0,0,0,0,0,0,0,0.0,596,223,0.0,581,223,0.0,562,214,0.0,604,226,0.1
31,2,42,39,1350,9.3,1,1,0,2,24,0,0,0,1,0,0,1,233,284.6,242,94,17.0,399,151,99.0,285,91,40.3,321,112,0.5
31,3,58,125,2555,21.6,4,8,4,6,51,0,0,0,3,0,0,17,470,516.2,118,43,653.1,36,27,383.0,98,57,155.4,64,37,1.2
31,2,40,0,0,0.0,0,0,0,0,0,0,0,0,0,0,0,0,0,0.0,538,200,0.0,516,199,0.0,493,189,0.0,547,200,0.4
31,2,40,0,0,0.0,0,0,0,0,0,0,0,0,0,0,0,0,0,0.0,533,198,0.0,510,197,0.0,486,187,0.0,542,198,0.0
31,2,45,28,1145,6.2,0,1,0,2,22,0,0,0,2,0,0,0,172,150.8,335,129,84.3,299,87,34.0,369,136,27.2,362,126,0.1
31,1,40,0,0,0.0,0,0,0,0,0,0,0,0,0,0,0,0,0,0.0,529,50,0.0,506,23,0.0,482,18,0.0,538,50,0.4
31,1,45,2,90,0.4,0,0,0,0,2,0,0,0,0,0,3,0,14,16.6,462,38,0.0,609,64,0.0,595,60,1.7,483,39,0.1
31,4,53,15,215,2.8,1,0,0,0,4,0,0,0,0,0,0,2,45,46.6,420,54,16.2,400,56,80.0,313,54,14.0,406,54,0.0
31,2,40,0,0,0.0,0,0,0,0,0,0,0,0,0,0,0,0,0,0.0,539,201,0.0,517,200,0.0,494,190,0.0,548,201,0.0
31,3,45,0,0,0.0,0,0,0,0,0,0,0,0,0,0,0,0,0,0.0,650,262,0.0,639,261,0.0,629,259,0.0,654,263,0.0
11,3,48,8,260,1.7,0,0,0,0,6,0,0,0,1,0,0,0,48,37.0,430,183,29.8,373,186,1.0,454,207,6.8,436,192,0.0
11,3,68,122,2244,17.9,6,5,3,10,29,0,0,1,2,0,0,13,443,530.6,108,38,644.2,39,30,510.0,67,38,168.8,51,30,2.9
11,1,43,0,0,0.0,0,0,0,0,0,0,0,0,0,0,0,0,0,0.0,574,68,0.0,557,46,0.0,538,42,0.0,582,68,0.1
11,2,49,81,1607,16.5,0,3,1,8,19,0,0,0,0,0,0,4,371,322.6,225,88,268.2,154,33,189.0,198,50,78.0,209,62,2.4
11,4,60,4,44,0.7,0,0,0,0,3,0,0,0,1,0,0,0,12,2.2,496,65,11.6,413,60,4.0,437,69,1.8,480,66,0.0
11,3,57,21,447,3.7,1,0,0,2,7,0,0,0,2,0,0,1,75,104.8,370,159,142.7,226,136,80.0,314,156,32.7,349,157,0.1
11,2,62,120,2681,19.4,0,9,2,9,42,0,0,0,2,1,0,18,590,592.6,74,27,704.2,26,5,136.0,251,73,143.5,78,12,11.4
11,2,50,127,2989,25.4,3,1,3,11,43,0,0,0,4,0,0,13,649,814.0,20,2,87.8,292,83,243.0,163,28,114.5,112,20,6.3
11,1,48,114,2742,23.8,0,0,2,10,39,0,0,0,1,0,89,8,570,698.4,47,15,10.1,419,5,0.0,675,68,70.9,230,14,5.3
11,3,53,48,1559,9.1,0,1,0,5,22,0,0,0,3,0,0,0,224,189.0,297,128,244.5,168,107,103.0,281,139,53.0,281,130,0.2
11,3,59,65,1530,11.0,1,3,1,5,21,0,0,0,0,0,0,1,256,262.6,256,110,263.1,157,102,233.0,169,93,76.0,216,107,0.2
11,2,43,5,78,1.2,0,0,0,0,1,0,0,0,0,0,0,0,19,11.0,474,178,8.1,431,163,8.0,418,159,2.8,462,170,0.1
11,3,50,1,11,0.2,0,0,0,0,1,0,0,0,0,0,0,0,1,3.8,486,205,0.9,465,210,0.0,694,288,0.5,496,208,0.0
11,2,55,79,1936,14.4,2,0,1,6,22,0,0,0,2,0,0,7,399,496.2,134,51,23.5,383,140,200.0,189,43,72.3,228,71,1.7
11,3,52,47,1417,9.0,0,1,0,5,23,0,0,0,3,0,0,1,209,205.6,285,121,112.0,253,149,30.0,375,179,34.7,340,152,0.1
11,4,75,165,2871,22.0,16,6,3,11,39,0,0,0,3,0,0,21,528,745.8,36,5,308.0,131,17,1439.0,6,4,249.0,16,5,29.5
11,2,48,80,2286,16.7,1,0,1,9,32,0,0,0,9,0,0,4,426,432.2,175,69,126.0,243,62,80.0,312,104,64.1,255,84,1.0
11,4,77,123,2862,16.0,7,6,1,11,38,0,0,0,4,1,0,18,415,576.4,86,11,359.7,102,11,1147.0,12,8,208.3,31,8,7.1
11,1,43,2,47,0.5,0,0,0,0,0,0,0,0,0,0,3,0,10,25.0,447,35,0.0,575,55,0.0,556,51,2.5,467,36,0.1
11,3,43,3,87,0.7,0,0,0,0,0,0,0,0,0,0,0,0,11,14.4,467,197,12.7,408,195,4.0,431,201,3.1,460,198,0.4
11,4,57,2,13,0.4,0,0,0,0,0,0,0,0,0,0,0,0,1,0.0,708,89,1.3,457,66,11.0,408,64,0.9,492,67,0.2
11,2,39,0,0,0.0,0,0,0,0,0,0,0,0,0,0,0,0,0,0.0,525,196,0.0,501,195,0.0,477,185,0.0,534,196,1.0
11,3,52,47,2050,9.0,0,0,0,7,30,0,0,0,6,0,0,0,290,366.6,202,80,233.3,179,114,42.0,362,173,64.4,253,118,0.6
11,3,77,101,1763,13.1,6,5,1,5,27,0,0,0,4,0,0,11,432,499.2,132,48,585.6,44,32,399.0,95,55,148.7,72,44,7.8
11,3,51,80,2443,15.7,2,3,2,9,36,0,0,0,6,0,0,2,421,433.8,173,66,319.4,125,85,267.0,153,90,102.1,141,80,0.6
11,2,40,2,80,0.5,0,0,0,0,1,0,0,0,1,0,0,0,9,15.0,466,174,5.7,437,166,1.0,452,169,2.2,473,174,0.2
11,2,51,100,2683,19.6,0,2,2,11,35,1,0,0,4,0,0,7,537,610.4,66,23,84.3,300,88,152.0,237,66,84.8,191,50,1.9
11,1,45,25,630,5.6,0,0,0,2,9,0,0,0,1,0,21,3,119,166.4,324,25,0.0,610,65,0.0,596,61,16.7,398,25,0.1
11,4,45,0,0,0.0,0,0,0,0,0,0,0,0,0,0,0,0,0,0.0,628,71,0.0,618,74,0.0,604,74,0.0,633,75,0.1
11,3,45,0,0,0.0,0,0,0,0,0,0,0,0,0,0,0,0,0,0.0,653,264,0.0,642,263,0.0,633,262,0.0,657,265,0.0
11,4,50,11,138,2.2,0,0,0,0,2,0,0,0,0,0,0,0,18,13.4,469,59,5.6,438,63,31.0,374,58,5.0,449,58,0.1
11,2,40,0,0,0.0,0,0,0,0,0,0,0,0,0,0,0,0,0,0.0,542,203,0.0,521,203,0.0,498,193,0.0,551,203,0.0
11,3,45,1,2,0.2,0,0,0,0,0,0,0,0,0,0,0,0,5,2.0,497,209,0.0,612,239,0.0,598,234,0.2,508,214,0.0
11,2,40,0,0,0.0,0,0,0,0,0,0,0,0,0,0,0,0,0,0.0,546,206,0.0,525,206,0.0,502,196,0.0,555,206,0.0
11,1,40,0,0,0.0,0,0,0,0,0,0,0,0,0,0,0,0,0,0.0,555,62,0.0,534,36,0.0,511,32,0.0,564,62,0.0
11,2,40,0,0,0.0,0,0,0,0,0,0,0,0,0,0,0,0,0,0.0,562,216,0.0,541,216,0.0,518,206,0.0,571,216,0.0
11,3,45,0,0,0.0,0,0,0,0,0,0,0,0,0,0,0,0,0,0.0,664,271,0.0,654,271,0.0,644,269,0.0,667,271,0.0
54,3,59,66,1962,11.2,1,0,0,11,22,0,0,0,3,0,0,0,178,201.6,286,122,274.2,148,98,439.0,84,48,91.4,167,91,0.2
54,1,39,0,0,0.0,0,0,0,0,0,0,0,0,0,0,0,0,0,0.0,513,43,0.0,488,14,0.0,462,9,0.0,522,43,2.0
54,3,47,0,0,0.0,0,0,0,0,0,0,0,0,0,0,0,0,0,0.0,671,275,0.0,662,275,0.0,653,273,0.0,674,275,0.0
54,2,41,1,122,0.2,0,0,0,0,1,0,0,0,2,0,0,0,12,12.6,472,176,1.6,451,174,1.0,453,170,1.6,484,177,0.0
54,3,47,0,0,0.0,0,0,0,0,0,0,0,0,0,0,0,0,0,0.0,672,276,0.0,663,276,0.0,654,274,0.0,675,276,0.0
54,3,52,27,758,5.2,1,1,0,1,15,0,0,0,2,0,0,2,160,170.6,314,135,278.3,145,96,124.0,261,131,57.3,266,124,0.1
54,2,42,10,630,2.4,0,0,0,0,13,0,0,0,0,0,0,0,103,133.6,347,135,8.1,430,162,2.0,441,166,14.5,402,147,0.1
54,3,50,0,0,0.0,0,0,0,0,0,0,0,0,0,0,0,0,0,0.0,700,288,0.0,696,288,0.0,693,287,0.0,703,288,0.0
54,2,41,0,262,0.0,0,0,0,0,10,0,0,0,2,0,0,0,32,40.8,424,159,11.3,415,157,18.0,393,150,6.9,433,159,0.1
54,2,42,0,0,0.0,0,0,0,0,0,0,0,0,0,0,0,0,0,0.0,570,222,0.0,552,223,0.0,533,217,0.0,579,222,0.0
54,3,47,6,116,1.3,0,0,0,0,3,0,0,0,0,0,0,0,13,1.4,499,210,14.6,404,192,47.0,356,172,5.9,446,195,0.0
54,4,53,88,2367,16.6,5,3,1,9,32,0,0,0,7,0,0,6,343,384.8,193,22,254.1,162,22,503.0,69,28,114.1,114,27,0.6
54,2,45,27,663,6.0,1,1,1,0,17,0,0,0,2,0,0,2,132,143.2,340,133,100.4,270,74,85.0,303,99,32.8,347,122,0.3
54,1,43,0,0,0.0,0,0,0,0,0,0,0,0,0,0,0,0,0,0.0,584,75,0.0,567,53,0.0,548,49,0.0,592,75,0.0
54,4,55,63,1389,11.5,3,3,0,1,24,0,0,1,3,0,0,7,178,245.6,267,29,323.8,118,14,697.0,49,22,124.9,94,22,3.2
54,2,43,0,0,0.0,0,0,0,0,0,0,0,0,0,0,0,0,0,0.0,585,225,0.0,568,226,0.0,549,220,0.0,593,225,0.0
54,1,43,2,180,0.5,0,0,0,0,5,0,0,0,0,0,4,0,23,32.6,436,33,0.0,570,54,0.0,551,50,3.2,459,33,0.2
54,3,53,85,2465,16.0,3,0,1,7,43,0,0,1,2,0,0,4,261,347.0,217,90,647.2,38,29,530.0,61,35,152.5,68,40,0.1
54,3,46,13,369,2.8,0,0,0,0,12,0,0,0,1,0,0,0,46,33.6,435,186,28.7,376,188,47.0,355,171,10.7,418,181,0.0
54,3,46,0,0,0.0,0,0,0,0,0,0,0,0,0,0,0,0,0,0.0,669,274,0.0,660,274,0.0,651,272,0.0,672,274,0.0
54,3,48,8,307,1.7,0,0,0,0,9,0,0,0,1,1,0,0,14,22.6,450,192,76.8,312,171,39.0,366,176,13.2,408,179,0.0
54,3,44,76,2581,17.3,0,3,0,6,40,0,0,0,6,0,0,4,391,507.6,125,46,409.4,85,58,312.0,124,71,123.1,96,57,1.2
54,2,43,0,0,0.0,0,0,0,0,0,0,0,0,0,0,0,0,0,0.0,589,228,0.0,573,229,0.0,554,223,0.0,597,228,0.0
54,3,44,69,2243,15.7,0,3,0,9,35,0,0,0,5,0,0,0,391,421.2,176,67,330.4,114,77,82.0,307,152,83.5,196,103,0.5
54,2,44,57,2159,13.0,0,0,0,5,28,0,0,0,4,1,0,1,393,451.4,162,63,475.8,65,13,178.0,203,53,110.8,118,22,0.2
54,3,45,55,1696,12.2,1,1,0,3,27,0,0,0,5,0,0,3,267,294.0,234,97,169.5,208,127,134.0,253,127,59.9,262,122,0.3
54,1,45,124,3240,27.6,0,0,1,9,48,0,0,0,2,0,116,9,637,876.2,11,5,0.0,607,63,0.0,593,59,87.4,180,5,4.7
54,2,43,50,1477,11.6,0,1,1,5,27,0,0,0,3,0,0,3,288,330.8,223,87,312.4,126,25,98.0,286,92,74.2,222,69,0.1
54,2,42,1,270,0.2,0,0,0,0,10,0,0,0,1,0,0,0,34,35.4,433,163,20.8,386,143,8.0,417,158,6.4,439,162,0.1
54,3,47,107,2746,22.8,4,4,1,10,33,0,0,1,5,0,0,8,367,514.2,120,44,884.6,14,10,928.0,24,10,232.7,18,11,1.3
54,2,43,102,2664,23.7,2,1,2,8,36,0,0,0,3,0,0,8,477,483.6,144,57,248.8,165,36,144.0,243,69,87.7,177,46,2.0
54,2,45,93,2729,20.7,1,1,2,9,36,0,0,0,6,1,0,7,501,582.8,80,29,109.3,256,68,151.0,238,67,84.5,194,53,0.4
54,2,45,100,2953,22.2,0,1,1,9,41,1,0,0,1,0,0,11,571,673.8,57,18,70.1,323,103,223.0,172,33,97.1,153,36,0.6
54,2,43,2,90,0.5,0,0,0,0,1,0,0,0,0,0,0,0,15,16.8,459,173,4.7,442,169,2.0,442,167,2.4,468,173,0.0
54,4,50,40,804,8.0,3,0,1,5,9,0,0,0,0,0,0,5,123,138.0,344,40,103.2,261,40,314.0,123,39,55.3,271,39,0.5
54,3,45,12,254,2.7,1,0,0,0,6,0,0,0,0,0,0,0,42,72.4,399,172,30.8,367,185,161.0,222,114,26.5,364,165,0.0
54,3,45,0,0,0.0,0,0,0,0,0,0,0,0,0,0,0,0,0,0.0,634,249,0.0,624,248,0.0,610,243,0.0,639,250,0.0
54,3,45,1,14,0.2,0,0,0,0,1,0,0,0,0,0,0,0,2,1.2,500,211,1.3,454,204,0.0,618,249,0.3,502,211,0.0
13,2,44,3,16,0.7,0,0,0,0,0,0,0,0,0,0,0,0,9,3.0,490,180,0.1,477,182,0.0,564,226,0.3,501,182,0.1
13,1,54,128,3420,23.7,0,0,3,11,50,1,0,0,0,0,88,6,631,769.0,29,10,0.0,705,79,0.0,705,78,76.9,213,10,9.6
13,2,45,24,701,5.3,0,0,0,3,9,0,0,0,4,0,0,2,112,137.0,345,134,33.9,360,127,22.0,387,145,19.2,386,137,0.2
13,2,56,109,2473,19.5,2,2,2,10,31,1,0,0,7,0,0,12,536,532.4,107,39,129.0,240,60,115.0,268,83,77.9,210,63,1.4
13,3,44,0,0,0.0,0,0,0,0,0,0,0,0,0,0,0,0,0,0.0,599,225,0.0,584,225,0.0,566,216,0.0,607,228,0.2
13,3,52,78,1735,15.0,1,7,1,4,22,0,0,0,2,0,0,3,325,412.6,179,69,544.2,49,37,282.0,143,85,123.9,95,56,0.2
13,3,43,0,0,0.0,0,0,0,0,0,0,0,0,0,0,0,0,0,0.0,575,218,0.0,558,218,0.0,539,209,0.0,583,221,0.2
13,1,43,0,0,0.0,0,0,0,0,0,0,0,0,0,0,0,0,0,0.0,581,72,0.0,564,50,0.0,545,46,0.0,589,72,0.2
13,4,102,187,2838,18.3,15,14,7,8,44,0,0,1,1,0,0,23,649,819.2,18,3,356.6,104,12,1306.0,9,6,248.3,17,6,17.5
13,3,52,37,714,7.1,1,2,0,3,11,0,0,0,0,0,0,1,129,119.2,356,152,132.1,236,143,120.0,264,132,36.9,336,150,0.1
13,2,59,27,954,4.6,0,1,0,2,19,0,0,0,3,0,0,0,152,183.4,301,116,162.4,215,54,144.0,245,71,48.9,291,97,0.6
13,2,39,19,718,4.9,1,0,0,0,12,0,0,0,3,0,0,2,121,155.0,331,128,10.9,416,158,61.0,339,118,22.7,373,129,1.2
13,3,64,133,3356,20.8,6,4,2,11,50,0,0,0,6,0,0,11,633,840.4,16,6,788.2,21,17,462.0,76,44,209.1,29,20,3.8
13,3,60,58,1322,9.7,2,1,0,5,21,0,0,0,2,0,0,2,149,255.6,261,112,323.6,119,81,482.0,72,40,106.1,128,73,0.6
13,3,51,1,18,0.2,0,0,0,0,0,0,0,0,0,0,0,0,3,0.2,508,216,1.3,455,205,3.0,438,202,0.5,497,209,0.1
13,3,72,133,2093,18.5,8,7,3,10,28,0,0,0,4,0,0,12,473,588.4,77,25,770.3,22,18,668.0,51,29,202.5,35,23,5.5
13,4,62,110,1452,17.7,12,2,3,5,23,0,0,1,1,0,0,18,424,540.2,104,13,413.9,80,8,814.0,35,17,176.5,47,16,19.5
13,3,46,14,311,3.0,0,0,0,2,2,0,0,0,1,0,0,0,59,34.0,434,185,13.5,405,193,29.0,378,181,7.6,429,188,0.1
13,3,66,126,1944,19.1,9,5,2,7,25,0,0,0,0,0,0,13,348,556.4,95,32,359.0,103,72,810.0,37,20,172.7,49,29,2.7
13,3,48,79,2175,16.5,1,4,0,7,31,0,0,0,6,0,0,11,430,549.2,98,34,234.5,176,112,78.0,319,158,86.2,190,102,0.7
13,2,43,0,0,0.0,0,0,0,0,0,0,0,0,0,0,0,0,0,0.0,590,229,0.0,574,230,0.0,555,224,0.0,598,229,0.0
13,2,53,59,1816,11.1,1,0,0,5,30,0,0,0,2,0,0,3,360,403.6,184,73,114.4,250,66,157.0,226,62,67.7,239,77,3.0
13,2,48,101,2070,21.0,2,2,3,9,25,0,0,0,4,0,0,13,447,472.2,152,60,290.7,141,30,195.0,194,47,96.0,157,38,6.1
13,2,41,26,968,6.3,1,0,0,1,18,0,0,0,2,0,0,0,132,169.0,321,122,111.7,255,67,101.0,283,90,38.1,330,118,0.4
13,2,58,94,2345,16.2,2,4,4,6,37,0,0,0,1,0,0,7,479,486.6,142,55,350.2,108,23,181.0,201,52,101.7,143,31,5.7
13,3,42,41,1452,9.8,0,1,0,4,25,0,0,0,5,0,0,0,234,153.0,333,142,118.7,245,146,23.0,386,183,29.6,355,160,1.5
13,3,57,16,275,2.8,0,2,0,0,5,0,0,0,0,0,0,0,62,73.4,396,169,87.5,294,165,88.0,299,149,24.9,367,167,0.0
13,2,50,71,2260,14.2,0,1,1,7,30,0,0,0,7,0,0,5,464,502.0,129,49,107.8,257,69,121.0,263,80,73.4,225,70,1.0
13,4,49,1,19,0.2,0,0,0,0,1,0,0,0,0,0,0,0,3,0.2,507,66,11.7,412,59,6.0,425,65,1.8,479,65,0.1
13,2,40,0,0,0.0,0,0,0,0,0,0,0,0,0,0,0,0,0,0.0,540,202,0.0,518,201,0.0,495,191,0.0,549,202,0.0
13,3,44,1,9,0.2,0,0,0,0,0,0,0,0,0,0,0,0,2,0.6,505,214,1.4,453,203,0.0,579,222,0.2,507,213,0.0
13,3,44,3,84,0.7,0,0,0,0,1,0,0,0,0,0,0,0,10,9.6,477,199,1.2,458,207,9.0,415,193,2.0,475,201,0.0
13,3,45,0,0,0.0,0,0,0,0,0,0,0,0,0,0,0,0,0,0.0,648,260,0.0,637,259,0.0,626,256,0.0,652,261,0.0
13,3,45,0,0,0.0,0,0,0,0,0,0,0,0,0,0,0,0,0,0.0,667,273,0.0,657,273,0.0,647,271,0.0,670,273,0.0
13,3,45,0,0,0.0,0,0,0,0,0,0,0,0,0,0,0,0,0,0.0,656,265,0.0,645,264,0.0,636,263,0.0,660,266,0.0
2,3,57,28,414,4.9,0,3,0,1,6,0,0,0,1,0,0,0,103,84.0,386,164,97.9,273,158,153.0,236,121,33.4,344,154,0.3
2,1,41,14,270,3.4,0,0,1,1,2,0,0,0,0,0,8,2,58,68.0,404,28,0.0,548,40,0.0,525,36,6.8,435,28,1.0
2,2,43,59,2186,13.7,1,0,0,6,41,0,0,0,4,1,0,2,454,620.4,64,22,17.7,396,148,259.0,155,23,89.8,170,44,0.3
2,2,38,0,0,0.0,0,0,0,0,0,0,0,0,0,0,0,0,0,0.0,509,186,0.0,483,185,0.0,455,171,0.0,518,186,2.8
2,2,44,100,3399,22.7,0,0,0,12,54,0,0,0,7,0,0,2,665,843.2,15,1,421.4,78,16,350.0,108,9,161.6,59,8,2.7
2,3,52,99,2386,19.0,4,5,0,8,44,0,0,0,6,0,0,3,407,464.6,155,58,661.4,34,26,333.0,116,67,145.7,76,47,2.3
2,3,48,0,0,0.0,0,0,0,0,0,0,0,0,0,0,0,0,0,0.0,685,282,0.0,679,282,0.0,672,280,0.0,688,282,0.0
2,2,55,171,3410,31.1,8,3,4,12,53,0,0,0,7,0,0,15,726,756.8,33,7,454.6,70,14,527.0,64,2,174.2,48,4,33.1
2,2,44,110,2456,25.0,2,3,3,10,35,0,0,0,7,0,0,7,449,477.8,147,58,423.0,76,15,281.0,144,19,118.5,103,19,3.2
2,4,66,194,3052,29.4,17,11,5,10,50,0,0,0,3,0,0,26,631,867.2,13,2,371.0,99,10,1512.0,5,3,274.6,10,4,45.2
2,3,56,160,2846,28.6,8,10,4,11,45,0,0,0,2,0,0,15,542,759.2,32,11,821.7,18,14,666.0,52,30,225.2,23,15,7.6
2,3,49,67,2428,13.7,1,2,0,9,34,0,0,0,10,0,0,2,396,535.4,106,37,539.3,50,38,82.0,308,153,115.8,108,64,0.9
2,3,50,63,1150,12.6,3,4,1,3,23,1,0,0,0,0,0,2,162,224.2,277,117,134.3,231,139,289.0,141,83,64.7,251,116,2.1
2,3,46,49,1330,10.7,1,2,0,4,19,0,0,0,3,0,0,0,169,189.4,296,127,239.0,172,110,296.0,136,80,72.5,227,111,0.1
2,3,47,0,0,0.0,0,0,0,0,0,0,0,0,0,0,0,0,0,0.0,678,280,0.0,670,280,0.0,663,278,0.0,681,280,0.0
2,1,40,0,0,0.0,0,0,0,0,0,0,0,0,0,0,0,0,0,0.0,537,56,0.0,514,29,0.0,491,25,0.0,546,56,0.8
2,3,42,14,344,3.3,0,0,0,0,5,0,0,0,0,0,0,0,43,55.0,414,177,71.5,321,173,91.0,293,145,21.8,377,172,0.3
2,3,48,17,454,3.5,0,0,0,1,11,0,0,0,0,0,0,0,72,52.0,417,178,45.7,348,178,18.0,396,184,11.4,414,180,0.0
2,2,40,71,2072,17.8,1,0,1,7,32,0,0,0,3,0,0,2,402,513.0,122,45,66.3,328,106,222.0,174,35,80.1,201,56,5.3
2,3,43,0,0,0.0,0,0,0,0,0,0,0,0,0,0,0,0,0,0.0,594,221,0.0,579,221,0.0,560,212,0.0,602,224,0.4
2,1,48,154,3150,32.1,0,0,5,11,52,1,1,0,0,0,140,20,774,1026.0,7,3,10.0,423,9,0.0,682,69,103.7,134,4,8.5
2,2,38,2,31,0.5,0,0,0,0,0,0,0,0,0,0,0,0,5,2.8,491,181,0.6,467,179,0.0,457,173,0.3,500,181,1.1
2,2,38,0,0,0.0,0,0,0,0,0,0,0,0,0,0,0,0,0,0.0,511,188,0.0,485,187,0.0,458,174,0.0,520,188,1.0
2,2,43,38,1130,8.8,0,0,1,4,21,0,0,0,1,0,0,2,220,230.2,274,108,52.2,339,113,131.0,257,77,41.4,318,110,0.3
2,4,57,89,1279,15.6,7,4,3,3,21,0,0,0,3,0,0,16,341,398.4,188,21,409.7,84,9,617.0,56,23,142.4,79,20,2.7
2,1,40,0,0,0.0,0,0,0,0,0,0,0,0,0,0,0,0,0,0.0,560,64,0.0,539,38,0.0,516,34,0.0,569,64,0.2
2,3,43,0,0,0.0,0,0,0,0,0,0,0,0,0,0,0,0,0,0.0,597,224,0.0,582,224,0.0,563,215,0.0,605,227,0.0
2,2,44,50,1203,11.4,1,0,1,4,12,0,0,0,1,0,0,3,255,293.0,236,93,51.0,340,114,115.0,267,82,46.0,301,100,0.6
2,3,56,133,2358,23.8,6,10,4,9,34,0,0,0,3,0,0,11,489,719.6,43,15,889.3,13,9,902.0,29,15,251.3,15,10,9.4
2,3,45,0,0,0.0,0,0,0,0,0,0,0,0,0,0,0,0,0,0.0,665,272,0.0,655,272,0.0,645,270,0.0,668,272,0.0
2,4,45,1,37,0.2,0,0,0,0,0,0,0,0,0,0,0,0,4,2.6,492,64,0.9,464,68,2.0,445,70,0.6,494,68,0.1
2,2,40,0,0,0.0,0,0,0,0,0,0,0,0,0,0,0,0,0,0.0,568,221,0.0,547,221,0.0,524,211,0.0,577,221,0.1
2,4,45,0,0,0.0,0,0,0,0,0,0,0,0,0,0,0,0,0,0.0,657,77,0.0,646,79,0.0,637,80,0.0,661,80,0.0
2,2,40,8,113,2.0,0,0,0,1,0,0,0,0,0,0,0,1,30,17.2,458,172,0.9,463,177,18.0,392,149,3.6,456,169,0.0
2,4,45,0,0,0.0,0,0,0,0,0,0,0,0,0,0,0,0,0,0.0,639,72,0.0,629,75,0.0,615,75,0.0,644,76,0.0
2,3,44,0,0,0.0,0,0,0,0,0,0,0,0,0,0,0,0,0,0.0,612,234,0.0,600,234,0.0,584,227,0.0,620,237,0.0
2,2,40,0,0,0.0,0,0,0,0,0,0,0,0,0,0,0,0,0,0.0,550,207,0.0,529,207,0.0,506,197,0.0,559,207,0.0
14,3,53,44,1056,8.3,0,2,1,4,10,0,0,0,3,0,0,2,204,200.0,290,125,242.0,171,109,108.0,274,136,55.2,273,127,0.1
14,2,49,2,6,0.4,0,0,0,0,0,0,0,0,0,0,0,0,5,0.0,697,246,0.1,480,184,0.0,688,244,0.0,700,246,0.0
14,3,53,97,2938,18.3,2,1,0,10,39,0,0,0,1,0,0,3,482,358.2,208,84,387.0,91,64,307.0,128,73,105.1,130,74,1.2
14,3,54,56,1704,10.4,1,2,0,4,23,0,0,0,0,0,0,2,345,358.0,209,85,262.3,158,103,108.0,275,137,72.9,226,110,0.9
14,1,42,11,270,2.6,0,0,0,1,9,0,0,0,0,0,10,2,60,59.6,411,29,0.0,551,42,0.0,532,38,5.9,444,29,0.3
14,2,54,42,690,7.8,1,2,1,3,5,0,0,0,2,0,0,5,194,179.0,307,118,42.4,349,121,84.0,306,102,30.6,354,124,0.4
14,3,64,26,548,4.1,0,2,0,2,7,0,0,0,2,0,0,1,127,95.2,380,161,294.2,140,92,86.0,302,151,47.6,295,137,0.1
14,3,63,21,243,3.3,1,1,0,0,6,0,0,0,0,0,0,0,58,70.8,400,173,32.9,362,182,68.0,327,164,17.1,397,177,0.1
14,4,91,141,2837,15.5,9,8,2,10,39,0,0,0,2,0,0,15,615,729.4,40,6,643.2,40,2,1415.0,7,5,278.8,9,3,5.7
14,2,62,15,370,2.4,1,0,0,1,11,0,0,0,1,0,0,1,73,82.4,388,150,4.8,441,168,66.0,331,111,15.3,401,146,6.2
14,3,118,176,2808,14.9,11,11,3,12,28,0,0,0,3,0,0,14,513,808.8,21,7,809.7,19,15,1535.0,4,2,315.5,4,3,8.2
14,1,60,140,2970,23.3,1,0,2,10,32,0,1,0,1,0,84,13,660,776.4,26,9,0.1,481,11,17.0,397,1,79.4,204,9,8.3
14,3,54,71,2566,13.1,0,2,0,11,29,0,0,0,6,0,0,2,421,460.4,158,59,106.8,258,150,75.0,321,159,64.6,252,117,0.9
14,3,129,231,3077,17.9,22,6,4,11,41,0,0,0,0,0,0,21,657,1056.0,5,2,825.7,17,13,1980.0,1,1,385.8,2,2,43.6
14,2,73,161,3384,22.1,1,8,3,12,42,0,0,0,2,0,0,19,834,754.4,35,8,1129.3,5,2,359.0,106,8,224.5,24,2,16.5
14,4,51,10,180,2.0,0,0,0,1,0,0,0,0,0,0,0,0,23,17.8,456,56,33.2,361,53,60.0,342,56,11.1,416,56,0.6
14,3,51,0,0,0.0,0,0,0,0,0,0,0,0,0,0,0,0,0,0.0,702,290,0.0,698,290,0.0,696,290,0.0,705,290,0.0
14,2,78,160,3029,20.5,2,8,4,10,40,0,0,0,2,0,0,26,761,789.6,24,4,1238.8,3,1,529.0,63,1,255.7,14,1,27.1
14,2,52,10,589,1.9,0,0,0,0,14,0,0,0,0,0,0,0,94,106.8,369,142,18.1,395,147,0.0,698,246,12.5,411,152,1.0
14,3,52,15,517,2.9,0,0,0,2,8,0,0,0,1,0,0,0,78,70.6,402,174,100.5,269,155,119.0,265,133,29.0,357,161,0.2
14,3,44,50,1169,11.4,1,2,0,5,14,0,0,0,2,0,0,0,226,224.6,276,116,233.4,178,113,289.0,139,81,74.8,219,108,0.6
14,2,38,11,247,2.9,0,0,0,1,1,0,0,0,1,0,0,0,51,42.0,423,158,47.8,344,117,34.0,367,134,12.2,412,153,4.1
14,3,43,0,0,0.0,0,0,0,0,0,0,0,0,0,0,0,0,0,0.0,595,222,0.0,580,222,0.0,561,213,0.0,603,225,0.1
14,3,69,86,1106,12.5,9,0,0,4,15,0,0,0,2,0,0,9,228,387.4,191,74,188.3,201,122,680.0,50,28,125.7,93,55,5.7
14,3,55,55,1851,10.0,1,0,0,8,18,0,0,0,4,0,0,1,331,378.8,194,76,460.3,68,49,178.0,205,103,101.9,142,81,1.2
14,1,45,10,180,2.2,0,0,1,1,1,0,0,0,0,0,6,0,41,57.8,413,30,0.0,616,66,0.0,602,62,5.8,447,30,0.1
14,2,42,68,1455,16.2,1,1,1,7,11,0,0,0,2,0,0,1,325,376.4,195,77,90.6,286,80,132.0,256,76,60.1,261,86,4.7
14,2,40,28,659,7.0,0,0,0,3,6,0,0,0,0,0,0,1,135,111.6,364,139,29.8,371,133,62.0,337,116,20.4,385,136,0.3
14,3,45,0,0,0.0,0,0,0,0,0,0,0,0,0,0,0,0,0,0.0,635,250,0.0,625,249,0.0,611,244,0.0,640,251,0.0
14,3,45,0,0,0.0,0,0,0,0,0,0,0,0,0,0,0,0,0,0.0,636,251,0.0,626,250,0.0,612,245,0.0,641,252,0.0
14,2,50,26,801,5.2,0,0,0,3,9,0,0,0,3,0,0,1,150,131.0,351,137,17.2,398,150,19.0,390,148,16.7,399,145,0.4
14,2,47,0,0,0.0,0,0,0,0,0,0,0,0,0,0,0,0,0,0.0,674,238,0.0,666,239,0.0,658,235,0.0,677,238,0.0
14,1,40,0,0,0.0,0,0,0,0,0,0,0,0,0,0,0,0,0,0.0,549,61,0.0,528,35,0.0,505,31,0.0,558,61,0.0
14,1,40,0,0,0.0,0,0,0,0,0,0,0,0,0,0,0,0,0,0.0,566,65,0.0,545,39,0.0,522,35,0.0,575,65,0.0
14,3,45,0,0,0.0,0,0,0,0,0,0,0,0,0,0,0,0,0,0.0,623,240,0.0,613,240,0.0,599,235,0.0,629,242,0.0
14,2,40,0,0,0.0,0,0,0,0,0,0,0,0,0,0,0,0,0,0.0,564,218,0.0,543,218,0.0,520,208,0.0,573,218,0.0
43,2,54,65,1182,12.0,0,2,2,7,10,0,0,0,6,0,0,8,303,248.6,266,103,220.8,184,40,106.0,277,87,57.6,264,87,0.7
43,1,45,0,0,0.0,0,0,0,0,0,0,0,0,0,0,0,0,0,0.0,619,78,0.0,605,61,0.0,591,57,0.0,625,78,0.0
43,4,103,38,554,3.7,4,1,0,4,4,0,0,1,0,0,0,3,155,200.6,287,31,102.2,266,41,326.0,118,38,62.2,256,38,1.6
43,2,49,0,0,0.0,0,0,0,0,0,0,0,0,0,0,0,0,0,0.0,696,245,0.0,690,246,0.0,686,243,0.0,699,245,0.2
43,2,61,91,1944,14.9,1,1,2,9,20,0,0,0,1,0,0,7,410,332.2,222,86,200.9,192,44,88.0,300,98,62.1,257,85,4.9
43,3,55,157,2025,28.5,13,4,6,12,16,0,0,1,1,0,0,22,620,754.6,34,12,688.4,30,24,712.0,47,27,215.7,26,17,17.1
43,3,118,141,1995,11.9,6,12,3,12,17,0,0,1,1,0,0,19,566,760.8,31,10,1170.1,4,3,914.0,28,14,284.7,8,6,11.9
43,2,51,128,1933,25.1,4,0,2,14,12,0,0,0,0,1,0,11,531,520.0,116,43,79.8,307,93,192.0,196,49,79.0,207,60,9.7
43,2,59,63,951,10.7,2,1,3,5,10,0,0,0,2,0,0,8,222,179.8,305,117,117.1,248,64,89.0,295,96,38.4,328,117,1.7
43,3,81,145,1945,17.9,9,8,4,11,22,0,0,0,0,0,0,15,505,606.0,67,21,693.6,29,23,893.0,30,16,219.1,25,16,6.4
43,3,109,154,2534,14.1,10,9,1,14,23,0,0,1,4,0,0,10,458,663.4,60,18,584.1,45,33,1366.0,8,3,260.3,13,9,4.3
43,2,58,138,2298,23.8,2,4,3,14,21,0,0,0,5,1,0,18,610,569.8,90,33,673.0,32,7,394.0,96,7,163.7,57,6,10.6
43,1,61,160,3240,26.2,0,1,2,19,28,0,1,0,3,0,66,3,696,586.0,78,17,10.0,424,10,0.0,712,80,59.6,263,17,9.4
43,2,54,29,797,5.4,1,0,0,3,13,0,0,0,4,0,0,1,150,156.0,329,126,46.9,345,118,44.0,361,132,24.7,368,128,2.4
43,2,60,58,1343,9.7,0,0,0,7,10,0,0,0,1,0,0,4,286,233.4,272,106,78.0,308,94,85.0,305,101,39.6,325,114,2.3
43,3,74,94,2063,12.7,2,7,2,11,18,0,0,0,5,0,0,9,413,399.6,187,73,476.2,64,47,463.0,75,43,134.1,82,49,1.1
43,4,91,115,2056,12.6,9,5,1,11,17,0,0,0,2,0,0,16,453,501.0,130,17,467.5,67,6,931.0,23,14,190.0,41,13,2.5
43,2,55,69,1473,12.5,0,0,1,8,14,0,0,0,0,0,0,5,353,272.0,253,97,295.7,137,28,134.0,255,75,70.3,232,73,0.6
43,3,61,135,1607,22.1,9,8,5,6,16,0,0,0,0,0,0,17,479,580.8,82,26,545.8,48,36,734.0,43,23,186.0,43,27,9.8
43,3,44,0,0,0.0,0,0,0,0,0,0,0,0,0,0,0,0,0,0.0,605,227,0.0,593,227,0.0,575,218,0.0,613,230,0.1
43,3,53,91,2747,17.2,2,2,0,13,27,0,0,0,6,0,0,5,531,640.6,62,19,546.3,47,35,335.0,115,66,152.4,69,41,0.4
43,3,70,95,1297,13.6,7,4,1,7,13,0,0,0,1,0,0,4,265,352.2,211,86,276.4,146,97,543.0,60,34,117.0,107,63,3.6
43,2,47,6,380,1.3,0,0,0,0,12,0,0,0,0,0,0,0,64,67.6,405,154,26.4,380,138,5.0,429,163,9.8,422,157,0.2
43,3,45,0,0,0.0,0,0,0,0,0,0,0,0,0,0,0,0,0,0.0,649,261,0.0,638,260,0.0,628,258,0.0,653,262,0.0
43,1,44,2,90,0.5,0,0,0,0,1,0,0,0,0,0,1,0,8,9.6,476,40,0.0,589,58,0.0,571,54,1.0,490,40,0.1
43,4,42,1,39,0.2,0,0,0,0,4,0,0,0,0,0,0,0,0,0.0,571,67,0.3,473,69,4.0,430,66,0.2,506,69,0.9
43,3,44,0,0,0.0,0,0,0,0,0,0,0,0,0,0,0,0,0,0.0,610,232,0.0,598,232,0.0,581,224,0.0,618,235,0.0
43,2,59,142,2843,24.1,1,1,1,17,21,1,0,0,4,0,0,12,656,651.6,61,21,91.0,285,79,218.0,179,38,96.3,155,37,19.9
43,1,40,0,0,0.0,0,0,0,0,0,0,0,0,0,0,0,0,0,0.0,548,60,0.0,527,34,0.0,504,30,0.0,557,60,0.1
43,1,39,7,90,1.8,0,0,0,0,3,0,1,0,0,0,2,1,27,37.4,429,32,0.0,486,12,0.0,459,7,3.7,454,32,0.4
43,3,45,0,0,0.0,0,0,0,0,0,0,0,0,0,0,0,0,0,0.0,629,244,0.0,619,243,0.0,605,238,0.0,634,245,0.0
43,2,40,0,0,0.0,0,0,0,0,0,0,0,0,0,0,0,0,0,0.0,552,209,0.0,531,209,0.0,508,199,0.0,561,209,0.0
43,2,40,0,0,0.0,0,0,0,0,0,0,0,0,0,0,0,0,0,0.0,544,205,0.0,523,205,0.0,500,195,0.0,553,205,0.0
43,3,45,0,0,0.0,0,0,0,0,0,0,0,0,0,0,0,0,0,0.0,630,245,0.0,620,244,0.0,606,239,0.0,635,246,0.0
1,1,49,0,0,0.0,0,0,0,0,0,0,0,0,0,0,0,0,0,0.0,693,80,0.0,687,71,0.0,683,70,0.0,696,80,0.1
1,3,58,32,507,5.5,1,3,0,1,6,0,0,0,0,0,0,3,126,108.4,368,158,132.8,235,142,86.0,301,150,32.7,350,158,0.1
1,1,53,91,2295,17.2,0,0,1,9,32,0,0,0,0,0,59,4,416,464.2,157,20,0.0,703,77,0.0,702,75,46.4,300,20,3.3
1,2,49,0,0,0.0,0,0,0,0,0,0,0,0,0,0,0,0,0,0.0,695,244,0.0,689,245,0.0,685,242,0.0,698,244,0.1
1,4,61,1,9,0.2,0,0,0,0,1,0,0,0,0,0,0,0,1,0.0,712,92,0.1,482,71,2.0,450,71,0.2,512,71,0.2
1,2,48,0,0,0.0,0,0,0,0,0,0,0,0,0,0,0,0,0,0.0,683,241,0.0,676,242,0.0,669,239,0.0,686,241,0.0
1,3,47,36,1101,7.7,0,1,0,4,18,0,0,0,2,0,0,0,223,218.4,280,118,149.0,222,133,80.0,311,155,44.7,306,140,0.2
1,3,76,92,1892,12.1,3,6,1,5,26,0,0,0,3,0,0,11,355,451.4,163,62,376.0,97,69,401.0,93,54,122.5,97,58,1.9
1,2,48,0,0,0.0,0,0,0,0,0,0,0,0,0,0,0,0,0,0.0,684,242,0.0,678,243,0.0,671,240,0.0,687,242,0.0
1,2,55,124,3047,22.5,2,2,1,13,36,0,0,0,11,0,0,8,632,701.4,46,10,133.6,234,59,428.0,86,4,126.3,92,17,4.3
1,3,53,69,2389,13.0,1,0,0,12,25,0,0,0,5,0,0,1,404,482.6,145,53,395.6,87,60,200.0,188,99,108.0,122,71,0.2
1,2,55,124,2653,22.5,1,5,3,10,33,1,0,0,8,0,0,22,640,596.0,70,25,1085.9,7,3,243.0,164,29,192.8,39,3,17.3
1,3,113,244,3101,21.6,18,14,9,13,36,0,0,1,6,0,0,36,870,1292.6,2,1,1414.9,1,1,1253.0,11,4,396.2,1,1,48.7
1,4,86,75,1477,8.7,4,7,2,4,23,0,0,0,0,1,0,3,238,297.6,232,25,265.4,156,21,709.0,48,21,126.8,91,21,3.2
1,3,48,0,0,0.0,0,0,0,0,0,0,0,0,0,0,0,0,0,0.0,690,284,0.0,684,284,0.0,678,282,0.0,693,284,0.0
1,1,52,44,1125,8.5,0,0,0,4,12,0,0,0,3,0,40,1,218,275.4,246,22,0.0,700,75,0.0,699,73,27.5,361,22,2.1
1,3,96,174,2917,18.1,11,11,3,12,39,0,0,0,4,0,0,9,535,793.2,23,8,682.1,31,25,1127.0,14,5,260.3,12,8,10.2
1,2,41,7,402,1.7,0,0,0,0,8,1,0,0,2,0,0,0,59,95.0,381,149,6.0,436,165,0.0,528,214,10.0,419,156,0.1
1,2,48,102,2585,21.2,1,1,0,10,30,0,0,0,0,0,0,3,527,503.0,127,47,102.6,263,71,56.0,345,122,66.4,244,80,1.9
1,3,49,91,2124,18.6,4,2,1,9,25,0,0,0,3,0,0,4,413,523.2,113,42,270.5,152,101,314.0,122,70,110.9,117,68,0.8
1,2,48,31,915,6.5,0,0,0,3,17,0,0,0,3,0,0,6,178,175.6,311,119,8.3,429,161,26.0,382,143,21.1,378,132,0.3
1,3,62,43,907,6.9,3,1,0,4,7,0,0,0,3,0,0,1,145,186.0,300,129,145.7,224,134,285.0,142,84,61.5,260,121,0.2
1,2,43,0,80,0.0,0,0,0,0,2,0,0,0,1,0,0,0,17,17.8,455,170,30.5,368,130,16.0,399,152,6.4,440,163,0.1
1,2,58,144,3060,24.8,2,5,2,13,36,0,0,0,3,0,0,11,729,785.4,25,5,498.2,58,11,159.0,224,60,144.1,77,11,18.8
1,2,48,0,0,0.0,0,0,0,0,0,0,0,0,0,0,0,0,0,0.0,692,243,0.0,686,244,0.0,681,241,0.0,695,243,0.0
1,3,73,106,1813,14.5,7,2,3,7,23,0,0,0,2,0,0,9,318,370.8,198,78,278.7,144,95,881.0,31,17,152.7,67,39,10.7
1,3,44,0,0,0.0,0,0,0,0,0,0,0,0,0,0,0,0,0,0.0,606,228,0.0,594,228,0.0,576,219,0.0,614,231,0.0
1,3,44,0,0,0.0,0,0,0,0,0,0,0,0,0,0,0,0,0,0.0,609,231,0.0,597,231,0.0,580,223,0.0,617,234,0.0
1,2,42,5,187,1.2,0,0,0,0,3,0,0,0,0,0,0,0,26,26.6,442,166,19.4,393,146,19.0,389,147,6.5,438,161,0.5
1,2,39,0,0,0.0,0,0,0,0,0,0,0,0,0,0,0,0,0,0.0,521,193,0.0,497,192,0.0,473,182,0.0,530,193,0.5
1,3,66,32,511,4.8,1,2,0,0,12,0,0,0,1,0,0,0,133,117.0,358,153,58.4,335,175,70.0,324,162,24.5,369,168,1.3
1,2,53,25,689,4.7,0,2,0,1,11,0,0,0,0,0,0,3,149,168.6,322,123,200.7,193,45,33.0,372,138,40.1,323,113,0.5
1,4,80,99,1364,12.4,10,4,1,4,18,0,0,0,4,0,0,14,367,443.4,167,19,203.3,188,30,513.0,66,27,115.0,109,25,6.9
1,3,52,0,0,0.0,0,0,0,0,0,0,0,0,0,0,0,0,0,0.0,704,292,0.0,701,292,0.0,700,292,0.0,707,292,0.0
1,1,40,0,0,0.0,0,0,0,0,0,0,0,0,0,0,0,0,0,0.0,527,48,0.0,503,20,0.0,479,15,0.0,536,48,0.1
1,3,54,8,165,1.5,0,1,0,0,3,0,0,0,0,0,0,0,34,38.0,428,182,31.2,366,184,9.0,416,194,7.8,428,187,0.0
1,3,44,2,9,0.5,0,0,0,0,0,0,0,0,0,0,0,0,6,0.2,506,215,1.1,459,208,0.0,586,229,0.1,514,217,0.0
1,1,40,0,0,0.0,0,0,0,0,0,0,0,0,0,0,0,0,0,0.0,545,58,0.0,524,32,0.0,501,28,0.0,554,58,0.0
1,3,45,11,155,2.4,1,0,0,0,2,0,0,0,0,0,0,2,32,51.6,418,179,19.7,392,190,29.0,377,180,10.0,420,182,0.0
1,3,45,1,8,0.2,0,0,0,0,0,0,0,0,0,0,0,0,2,1.2,501,212,0.0,648,266,0.0,639,265,0.1,517,219,0.0
1,2,40,1,1,0.2,0,0,0,0,0,0,0,0,0,0,0,0,3,0.0,557,212,0.0,536,212,0.0,513,202,0.0,566,212,0.0
4,3,49,79,1210,16.1,8,0,1,4,18,0,0,1,1,0,0,5,254,436.6,172,65,137.2,227,137,401.0,92,53,97.3,152,86,4.1
4,4,51,30,380,5.9,1,1,0,1,8,0,0,0,1,0,0,3,78,64.0,408,51,37.1,354,51,187.0,199,48,27.7,360,51,0.3
4,3,53,74,2616,14.0,1,3,0,6,46,0,0,0,7,0,0,2,377,474.2,151,57,522.1,56,42,299.0,133,78,129.6,88,53,0.2
4,3,49,52,1347,10.6,0,5,1,3,22,1,0,0,2,0,0,5,226,225.8,275,115,411.9,83,57,101.0,284,141,73.8,224,109,0.1
4,2,47,53,2080,11.3,0,0,0,5,38,1,0,0,4,0,0,6,376,522.0,114,41,91.3,284,78,64.0,335,114,67.5,241,78,0.6
4,2,45,46,1890,10.2,1,0,0,3,35,1,0,0,3,0,0,2,291,402.6,186,74,29.8,372,134,105.0,279,88,53.9,280,93,0.2
4,1,49,80,2250,16.3,0,0,0,4,43,0,1,0,3,0,88,6,450,682.4,55,16,0.0,691,72,0.0,687,71,68.3,238,16,1.1
4,1,48,48,1170,10.0,0,0,0,3,19,0,0,0,0,0,45,6,255,346.8,218,21,0.0,677,70,0.0,670,67,34.6,342,21,0.6
4,2,43,0,0,0.0,0,0,0,0,0,0,0,0,0,0,0,0,0,0.0,578,224,0.0,561,225,0.0,542,219,0.0,586,224,0.0
4,2,42,44,1625,10.5,2,0,0,2,32,0,0,0,4,0,0,3,229,345.2,219,85,38.1,353,125,161.0,221,58,54.7,275,90,0.8
4,4,59,31,501,5.3,1,1,0,0,9,0,0,0,0,0,0,3,79,79.6,392,48,89.4,288,45,263.0,154,42,42.4,313,45,0.1
4,3,52,0,0,0.0,0,0,0,0,0,0,0,0,0,0,0,0,0,0.0,703,291,0.0,699,291,0.0,697,291,0.0,706,291,0.0
4,2,44,40,1254,9.1,1,0,0,3,20,0,0,0,2,0,0,2,204,274.4,248,95,68.1,324,104,45.0,359,130,38.8,327,116,0.1
4,2,42,28,822,6.7,0,0,0,3,15,0,0,0,1,0,0,0,136,109.8,367,141,93.5,281,77,18.0,394,151,22.2,375,131,0.2
4,2,42,45,1286,10.7,1,1,0,5,27,0,0,0,4,0,0,0,222,240.4,270,105,87.7,293,84,88.0,297,97,41.6,317,109,0.2
4,2,48,30,1255,6.2,1,0,0,2,21,0,0,0,4,1,0,1,160,251.0,263,100,9.0,427,160,116.0,266,81,37.6,334,119,0.1
4,2,43,13,435,3.0,0,0,0,1,6,0,0,0,0,0,0,0,68,58.6,412,156,41.8,350,122,20.0,388,146,12.0,413,154,0.2
4,3,46,40,1942,8.7,0,0,0,4,33,0,0,0,8,0,0,0,211,278.0,244,103,117.7,247,147,155.0,229,116,55.3,270,125,0.0
4,3,48,0,0,0.0,0,0,0,0,0,0,0,0,0,0,0,0,0,0.0,689,283,0.0,683,283,0.0,677,281,0.0,692,283,0.0
4,3,52,85,1554,16.3,3,5,1,7,26,0,0,0,0,0,0,5,278,376.0,196,77,394.2,89,62,418.0,88,51,118.9,102,60,3.1
4,3,56,97,2426,17.3,4,2,1,5,48,0,0,0,3,0,0,8,367,452.6,161,61,447.3,71,51,425.0,87,50,132.6,83,50,0.5
4,4,57,74,1979,13.0,4,2,1,3,36,0,0,0,3,0,0,5,258,357.0,210,23,250.1,164,24,612.0,57,24,122.2,99,23,0.5
4,4,48,0,0,0.0,0,0,0,0,0,0,0,0,0,0,0,0,0,0.0,691,86,0.0,685,88,0.0,680,89,0.0,694,89,0.1
4,2,39,0,0,0.0,0,0,0,0,0,0,0,0,0,0,0,0,0,0.0,520,192,0.0,496,191,0.0,472,181,0.0,529,192,0.1
4,3,46,41,1405,8.9,0,1,0,2,26,0,0,0,2,0,0,1,168,179.2,306,131,182.8,203,123,148.0,241,122,50.8,289,134,0.1
4,3,45,52,1418,11.6,2,1,1,3,24,0,0,0,1,1,0,3,177,211.4,284,120,99.0,272,157,95.0,292,144,40.3,322,143,1.2
4,3,48,10,376,2.1,0,0,0,1,8,0,0,0,0,0,0,0,47,32.6,437,187,35.6,356,180,2.0,447,205,7.0,432,190,0.0
4,1,43,0,0,0.0,0,0,0,0,0,0,0,0,0,0,0,0,0,0.0,579,70,0.0,562,48,0.0,543,44,0.0,587,70,0.1
4,3,49,69,1617,14.1,2,3,1,3,33,0,0,0,3,0,0,7,252,363.4,203,81,280.8,143,94,289.0,140,82,93.2,163,89,0.1
4,4,65,134,2081,20.6,12,6,3,5,37,0,0,0,2,0,0,22,409,557.4,94,12,230.4,180,28,761.0,40,19,154.7,65,19,5.1
4,3,56,39,922,7.0,0,4,0,4,18,0,0,0,0,1,0,0,154,142.8,341,144,395.0,88,61,165.0,214,110,70.1,234,112,0.2
4,2,40,44,1833,11.0,0,1,1,3,37,0,0,0,4,0,0,3,261,272.6,252,96,224.8,182,39,47.0,354,127,54.2,277,91,1.1
4,3,45,1,3,0.2,0,0,0,0,0,0,0,0,0,0,0,0,3,0.0,627,243,0.3,474,214,2.0,443,203,0.2,509,215,0.0
4,1,39,0,0,0.0,0,0,0,0,0,0,0,0,0,0,0,0,0,0.0,522,47,0.0,498,19,0.0,474,14,0.0,531,47,0.1
49,4,42,34,1113,8.1,0,0,0,2,16,0,0,0,1,0,0,0,87,66.8,406,50,157.2,218,34,255.0,158,45,47.3,296,43,5.0
49,4,55,39,725,7.1,3,0,1,0,15,0,0,0,1,0,0,6,101,121.2,354,42,68.1,325,48,162.0,220,50,34.9,339,48,0.1
49,4,52,100,2391,19.2,8,1,1,9,37,0,0,0,7,0,0,12,344,464.4,156,18,320.2,123,16,860.0,33,16,164.6,56,18,1.3
49,2,46,51,2576,11.1,0,1,0,2,51,0,0,0,5,0,0,2,408,513.6,121,44,202.3,189,42,160.0,223,59,87.6,179,47,0.5
49,3,56,70,2573,12.5,0,3,0,5,47,0,0,0,4,0,0,1,353,351.0,214,87,530.8,54,40,154.0,233,119,103.7,135,77,0.1
49,2,50,56,2700,11.2,0,1,1,4,54,0,0,0,6,0,0,2,361,443.4,166,65,294.5,139,29,198.0,190,44,93.6,162,41,0.8
49,1,43,0,0,0.0,0,0,0,0,0,0,0,0,0,0,0,0,0,0.0,577,69,0.0,560,47,0.0,541,43,0.0,585,69,0.1
49,3,45,54,2214,12.0,0,0,0,5,43,0,0,0,6,0,0,0,355,415.8,177,68,516.0,57,43,57.0,344,167,99.1,149,85,0.1
49,1,43,0,0,0.0,0,0,0,0,0,0,0,0,0,0,0,0,0,0.0,580,71,0.0,563,49,0.0,544,45,0.0,588,71,0.1
49,2,49,63,2787,12.9,0,2,0,4,51,0,0,0,7,0,0,2,347,351.4,212,83,310.7,127,26,234.0,167,30,89.7,171,45,0.8
49,2,42,32,875,7.6,0,2,1,2,11,0,0,0,3,0,0,3,149,148.2,337,130,27.7,377,136,46.0,357,128,22.2,374,130,0.1
49,2,47,57,2628,12.1,0,1,0,4,48,0,0,0,7,1,0,4,410,544.6,100,37,50.9,343,116,150.0,239,68,74.5,220,68,1.6
49,2,47,3,180,0.6,0,0,0,0,3,0,0,0,0,0,0,0,19,40.2,425,160,2.5,446,171,0.0,657,234,4.3,453,168,0.1
49,3,48,48,2027,10.0,0,2,0,3,41,0,0,1,8,1,0,2,244,245.4,268,114,346.9,111,75,206.0,183,97,79.3,205,105,1.3
49,3,47,51,1599,10.9,1,0,0,4,29,0,0,0,1,0,0,3,246,263.4,255,109,325.6,117,80,171.0,207,105,76.3,214,106,0.0
49,4,56,44,1316,7.9,1,2,0,0,27,0,0,0,2,0,0,2,101,182.6,302,33,207.8,186,29,444.0,82,33,83.1,197,33,0.2
49,4,58,13,287,2.2,0,0,0,0,10,0,0,0,0,0,0,0,14,14.2,468,58,35.0,358,52,53.0,347,57,9.7,423,57,0.1
49,3,49,31,1119,6.3,1,1,0,0,23,0,0,0,4,0,0,1,152,178.0,308,132,181.7,205,124,138.0,250,126,49.8,290,135,0.1
49,3,41,46,1260,11.2,1,2,0,1,21,0,0,0,2,0,0,0,114,113.8,361,155,191.8,198,120,364.0,103,61,65.9,246,114,1.9
49,3,50,0,0,0.0,0,0,0,0,0,0,0,0,0,0,0,0,0,0.0,698,286,0.0,693,286,0.0,690,285,0.0,701,286,0.0
49,1,46,123,3420,26.7,0,0,2,5,63,0,0,0,1,0,146,12,685,1023.0,8,4,20.0,388,1,4.0,434,3,104.7,131,3,2.0
49,2,43,44,2087,10.2,0,0,1,2,41,1,0,0,3,0,0,4,341,458.0,159,62,189.6,200,48,51.0,350,124,70.1,233,74,0.4
49,2,43,39,1107,9.1,2,0,1,2,20,0,0,0,2,0,0,0,151,217.6,282,112,72.7,317,99,278.0,147,20,57.0,267,88,0.1
49,2,42,9,549,2.1,0,0,0,0,10,0,0,0,1,0,0,0,49,99.2,378,147,39.8,352,124,45.0,358,129,18.4,391,141,0.0
49,2,39,5,524,1.3,0,0,0,0,12,1,0,0,1,1,0,0,53,70.6,401,152,1.9,449,173,2.0,439,165,7.5,430,158,0.5
49,1,40,0,0,0.0,0,0,0,0,0,0,0,0,0,0,0,0,0,0.0,535,54,0.0,512,27,0.0,489,23,0.0,544,54,0.2
49,2,39,29,1003,7.4,1,0,0,2,17,1,0,0,1,0,0,0,149,220.4,279,110,57.5,336,111,49.0,352,125,32.7,348,123,0.5
49,4,44,1,10,0.2,0,0,0,0,0,0,0,0,0,0,0,0,3,0.0,615,70,0.1,478,70,18.0,395,61,1.8,478,64,0.1
49,2,40,0,0,0.0,0,0,0,0,0,0,0,0,0,0,0,0,0,0.0,563,217,0.0,542,217,0.0,519,207,0.0,572,217,0.0
49,3,45,1,11,0.2,0,0,0,0,1,0,0,0,0,0,0,0,5,2.2,495,208,0.3,475,215,0.0,622,253,0.3,503,212,0.0
49,3,45,0,0,0.0,0,0,0,0,0,0,0,0,0,0,0,0,0,0.0,661,269,0.0,651,269,0.0,641,267,0.0,664,269,0.0
49,3,44,0,0,0.0,0,0,0,0,0,0,0,0,0,0,0,0,0,0.0,617,238,0.0,603,237,0.0,589,232,0.0,623,240,0.0
49,4,45,12,283,2.7,1,0,0,2,2,0,0,0,0,0,0,1,38,52.4,416,53,15.1,402,57,66.0,329,55,13.1,409,55,0.2
49,2,40,0,0,0.0,0,0,0,0,0,0,0,0,0,0,0,0,0,0.0,543,204,0.0,522,204,0.0,499,194,0.0,552,204,0.0
49,3,45,1,1,0.2,0,0,0,0,0,0,0,0,0,0,0,0,3,0.0,660,268,0.0,650,268,0.0,640,266,0.0,663,268,0.0
49,4,45,0,0,0.0,0,0,0,0,0,0,0,0,0,0,0,0,0,0.0,668,80,0.0,658,82,0.0,648,83,0.0,671,83,0.0
20,3,58,76,1629,13.1,3,4,0,5,28,0,0,0,0,0,0,2,185,269.8,254,108,248.0,167,106,366.0,101,60,88.0,176,98,0.3
20,3,60,48,999,8.0,3,0,0,2,18,0,0,0,1,0,0,2,153,168.2,323,140,92.3,282,161,281.0,146,87,54.0,279,129,0.3
20,4,51,12,201,2.4,0,0,0,1,6,0,0,0,0,0,0,0,21,9.8,475,60,6.4,435,62,19.0,391,60,3.4,457,60,0.4
20,2,50,78,2598,15.6,0,2,0,8,51,0,0,0,5,0,0,4,404,306.8,229,90,271.8,149,32,135.0,252,74,71.4,229,72,0.7
20,1,44,94,2700,21.4,0,0,1,7,57,0,0,0,2,0,93,8,527,741.2,39,13,0.0,585,56,0.0,567,52,74.0,223,13,10.9
20,3,45,52,1762,11.6,1,1,0,6,25,0,0,0,6,0,0,4,264,349.2,216,89,229.1,181,115,98.0,287,142,67.6,240,113,1.4
20,3,64,67,1727,10.5,2,3,1,1,39,0,0,0,1,0,0,3,243,297.0,233,96,400.4,86,59,477.0,74,42,117.1,106,62,0.2
20,4,84,131,2172,15.6,12,4,1,6,40,0,0,0,1,0,0,21,464,634.6,63,7,300.7,136,19,866.0,32,15,178.4,45,14,6.6
20,2,46,41,1537,8.9,0,0,1,4,39,0,0,0,2,0,0,6,288,351.0,213,84,85.6,297,85,104.0,280,89,54.2,278,92,0.2
20,3,55,115,2764,20.9,4,7,1,8,56,0,0,0,3,0,0,4,455,541.2,103,36,496.7,59,44,457.0,77,45,149.4,71,43,0.5
20,2,47,86,2574,18.3,3,1,1,6,47,0,0,0,3,1,0,4,494,671.8,58,19,102.1,267,72,294.0,137,17,106.7,126,26,2.8
20,3,59,156,3420,26.4,8,7,4,9,68,0,0,1,5,0,0,17,772,940.0,9,4,971.2,11,8,355.0,107,63,226.5,22,14,11.7
20,1,43,0,0,0.0,0,0,0,0,0,0,0,0,0,0,0,0,0,0.0,583,74,0.0,566,52,0.0,547,48,0.0,591,74,0.1
20,3,54,0,0,0.0,0,0,0,0,0,0,0,0,0,0,0,0,0,0.0,705,293,0.0,706,293,0.0,706,293,0.0,708,293,0.0
20,3,43,0,0,0.0,0,0,0,0,0,0,0,0,0,0,0,0,0,0.0,586,219,0.0,569,219,0.0,550,210,0.0,594,222,0.1
20,2,47,93,2646,19.8,0,3,1,9,41,0,0,0,4,0,0,7,498,497.6,133,50,262.2,159,35,316.0,121,14,107.5,125,25,4.2
20,2,47,94,3100,20.0,1,1,2,9,62,1,0,0,5,1,0,11,584,692.0,52,14,75.0,315,98,164.0,216,56,93.1,164,42,4.6
20,4,57,137,2662,24.0,9,7,2,7,51,0,0,0,1,0,0,16,443,581.8,81,10,488.6,62,5,964.0,21,13,203.4,33,10,4.1
20,2,47,3,101,0.6,0,0,0,0,4,0,0,0,0,0,0,0,12,26.0,444,168,22.1,385,142,12.0,407,156,6.0,443,164,0.0
20,3,43,5,171,1.2,0,0,0,0,5,0,0,0,0,0,0,0,17,16.8,460,195,7.4,434,199,9.0,414,192,3.3,458,197,0.1
20,2,39,1,66,0.3,0,0,0,0,2,0,0,0,0,0,0,0,5,1.8,498,183,14.8,403,152,0.0,471,180,1.7,481,176,0.8
20,4,46,4,57,0.9,0,0,0,0,2,0,0,0,0,0,0,0,12,5.6,480,61,10.8,417,61,4.0,433,67,2.0,476,63,0.7
20,3,54,46,1229,8.5,1,2,0,3,27,0,0,0,5,0,0,0,140,178.0,309,133,97.7,274,159,170.0,209,107,44.1,308,141,0.1
20,2,43,14,841,3.3,0,0,0,0,19,0,0,0,1,0,0,0,119,188.2,298,114,29.9,370,132,34.0,368,135,25.4,366,127,0.1
20,1,40,30,720,7.5,0,0,0,2,11,0,1,0,0,0,20,0,147,191.0,295,24,0.0,505,22,0.0,481,17,19.1,387,24,7.0
20,3,43,36,735,8.4,1,2,1,2,11,0,0,0,2,0,0,2,76,94.6,382,162,86.0,296,167,203.0,184,98,38.2,329,145,0.4
20,3,45,31,1010,6.9,0,0,0,3,22,0,0,0,3,0,0,0,132,120.4,355,151,143.2,225,135,66.0,328,165,32.9,346,156,0.0
20,4,45,13,102,2.9,0,0,0,0,1,0,0,0,0,0,0,0,32,3.2,488,63,12.2,410,58,16.0,401,63,3.1,461,61,0.2
20,2,40,-3,90,-0.8,0,0,0,0,9,0,0,0,1,0,0,0,5,13.2,470,175,0.0,520,202,0.0,497,192,1.3,486,178,0.1
20,3,44,0,0,0.0,0,0,0,0,0,0,0,0,0,0,0,0,0,0.0,611,233,0.0,599,233,0.0,583,226,0.0,619,236,0.0
20,1,40,0,0,0.0,0,0,0,0,0,0,0,0,0,0,0,0,0,0.0,536,55,0.0,513,28,0.0,490,24,0.0,545,55,0.0
20,3,45,0,0,0.0,0,0,0,0,0,0,0,0,0,0,0,0,0,0.0,640,254,0.0,630,253,0.0,616,248,0.0,645,255,0.0
20,2,40,0,12,0.0,0,0,0,0,3,0,0,0,0,0,0,0,3,0.0,554,211,0.0,533,211,0.0,510,201,0.0,563,211,0.0
20,3,45,2,36,0.4,0,0,0,0,0,0,0,0,1,0,0,0,6,5.4,481,202,4.4,443,201,0.0,630,260,0.9,491,205,0.0
20,3,45,-1,2,-0.2,0,0,0,0,9,0,0,0,0,1,0,0,-4,4.4,483,203,0.3,476,216,0.0,627,257,0.5,495,207,0.0
20,3,45,0,0,0.0,0,0,0,0,0,0,0,0,0,0,0,0,0,0.0,647,259,0.0,636,258,0.0,625,255,0.0,651,260,0.0
6,1,56,149,3420,26.6,0,0,0,12,45,0,0,0,0,0,114,13,702,868.0,12,6,0.0,709,80,0.0,709,79,86.7,186,7,6.6
6,2,47,0,0,0.0,0,0,0,0,0,0,0,0,0,0,0,0,0,0.0,670,237,0.0,661,238,0.0,652,233,0.0,673,237,0.1
6,3,47,44,1576,9.4,0,0,0,5,22,0,0,0,3,0,0,2,214,182.2,303,130,94.5,280,160,69.0,326,163,34.6,341,153,0.4
6,2,54,88,2240,16.3,1,0,1,10,25,1,0,0,2,0,0,4,469,559.8,92,34,106.5,259,70,178.0,204,54,84.6,193,52,1.8
6,3,57,28,700,4.9,1,1,0,1,17,0,0,0,4,1,0,0,96,115.2,360,154,137.1,228,138,236.0,165,91,48.4,293,136,0.1
6,4,119,242,3083,20.3,23,14,9,12,39,0,0,0,1,0,0,40,880,1318.2,1,1,659.1,35,1,1585.0,3,2,355.9,3,1,44.5
6,2,52,80,1605,15.4,2,3,1,6,22,0,0,0,0,0,0,4,370,412.2,180,71,267.6,155,34,194.0,195,48,87.4,181,48,1.5
6,3,96,228,3119,23.8,17,11,9,13,36,0,0,0,0,0,0,26,777,1052.2,6,3,1049.9,8,5,1046.0,16,6,315.2,5,4,44.2
6,2,46,77,2520,16.7,0,0,0,8,34,0,0,0,3,0,0,2,463,577.0,85,31,82.2,304,91,114.0,269,84,77.4,212,65,2.4
6,3,64,80,1397,12.5,3,5,1,4,18,0,0,0,1,0,0,5,238,322.4,226,94,258.4,161,105,298.0,134,79,87.7,178,99,1.4
6,1,43,0,0,0.0,0,0,0,0,0,0,0,0,0,0,0,0,0,0.0,582,73,0.0,565,51,0.0,546,47,0.0,590,73,0.2
6,3,74,30,613,4.1,0,2,0,3,9,0,0,0,0,0,0,0,101,103.4,372,160,132.1,237,144,165.0,215,111,39.9,324,144,0.6
6,2,45,52,1340,11.6,0,2,0,4,16,0,0,0,1,0,0,1,253,232.8,273,107,136.8,229,57,65.0,333,113,43.4,311,106,0.6
6,3,49,107,3420,21.8,2,4,1,12,45,0,0,0,9,0,0,6,578,728.8,41,14,308.7,130,87,146.0,242,123,118.4,104,61,1.0
6,3,51,19,856,3.7,0,0,0,1,16,0,0,0,5,0,0,0,124,128.2,352,149,77.6,309,170,24.0,385,182,22.8,372,171,0.1
6,2,52,43,1486,8.3,0,0,0,4,22,1,0,0,1,0,0,3,256,319.2,228,89,20.0,389,145,114.0,271,85,45.5,302,101,0.7
6,2,47,0,0,0.0,0,0,0,0,0,0,0,0,0,0,0,0,0,0.0,675,239,0.0,667,240,0.0,659,236,0.0,678,239,0.1
6,3,70,55,1202,7.9,1,4,0,5,15,0,0,0,3,0,0,2,129,161.4,328,141,190.9,199,121,180.0,202,102,52.8,282,131,0.4
6,3,47,0,0,0.0,0,0,0,0,0,0,0,0,0,0,0,0,0,0.0,676,278,0.0,668,278,0.0,661,276,0.0,679,278,0.1
6,2,49,14,487,2.9,0,0,0,2,8,0,0,0,2,0,0,0,81,68.8,403,153,29.5,374,135,40.0,364,133,13.8,407,150,0.1
6,3,69,35,939,5.1,1,1,0,5,10,0,0,0,5,0,0,0,149,169.2,320,139,222.8,183,116,155.0,230,117,54.3,276,128,0.4
6,3,44,0,0,0.0,0,0,0,0,0,0,0,0,0,0,0,0,0,0.0,603,226,0.0,591,226,0.0,573,217,0.0,611,229,0.0
6,3,59,99,2086,16.8,3,3,1,12,24,0,0,0,3,0,0,7,407,408.0,182,71,270.8,151,100,281.0,145,86,96.2,156,87,0.6
6,2,43,0,0,0.0,0,0,0,0,0,0,0,0,0,0,0,0,0,0.0,592,230,0.0,577,231,0.0,558,225,0.0,600,230,0.1
6,2,56,47,1238,8.4,0,2,1,4,15,0,0,0,2,1,0,4,222,257.2,259,99,182.4,204,50,79.0,317,106,52.0,286,95,3.8
6,1,42,0,0,0.0,0,0,0,0,0,0,0,0,0,0,0,0,0,0.0,569,66,0.0,550,41,0.0,530,37,0.0,578,66,0.6
6,2,39,0,0,0.0,0,0,0,0,0,0,0,0,0,0,0,0,0,0.0,517,190,0.0,493,189,0.0,467,177,0.0,526,190,0.2
6,2,55,89,2244,16.2,0,6,0,8,31,1,0,0,5,0,0,4,413,361.2,206,82,309.4,128,27,253.0,159,24,92.5,165,43,4.1
6,3,92,113,912,12.3,11,3,4,5,12,0,0,0,1,0,0,16,366,550.8,97,33,306.5,134,89,507.0,68,39,136.4,81,48,4.2
6,4,69,13,305,1.9,1,0,0,1,2,0,0,0,2,0,0,0,38,52.6,415,52,26.9,378,54,142.0,248,52,22.0,376,52,0.1
6,2,49,27,732,5.5,0,0,1,2,12,0,0,0,0,0,0,3,169,166.2,325,124,3.6,445,170,6.0,426,162,17.7,395,144,0.1
6,3,44,0,0,0.0,0,0,0,0,0,0,0,0,0,0,0,0,0,0.0,616,237,0.0,602,236,0.0,588,231,0.0,622,239,0.0
6,4,45,1,1,0.2,0,0,0,0,0,0,0,0,0,0,0,0,3,0.0,663,78,0.0,653,80,0.0,643,81,0.0,666,81,0.0
6,3,45,0,0,0.0,0,0,0,0,0,0,0,0,0,0,0,0,0,0.0,652,263,0.0,641,262,0.0,632,261,0.0,656,264,0.0
35,2,46,68,1714,14.8,0,2,0,6,23,0,0,0,2,0,0,1,273,218.2,281,111,128.9,241,61,142.0,247,72,48.8,292,98,0.8
35,1,39,2,90,0.5,0,0,0,0,2,0,0,0,0,0,4,0,18,23.4,449,36,0.0,490,16,0.0,464,11,2.3,471,37,3.6
35,4,52,79,1552,15.2,5,3,2,3,42,0,0,0,0,0,0,8,276,259.0,258,28,251.3,163,23,365.0,102,35,86.6,187,31,0.8
35,2,43,5,810,1.2,0,0,0,0,25,0,0,0,1,1,0,0,107,132.0,350,136,65.1,329,107,10.0,409,157,20.8,380,133,0.1
35,4,52,30,544,5.8,2,0,0,0,12,0,0,0,2,0,0,3,69,101.4,375,45,66.7,327,49,149.0,240,51,31.5,352,50,0.1
35,3,47,25,1241,5.3,0,0,0,1,35,1,0,0,2,1,0,0,104,136.8,346,147,72.7,318,172,53.0,346,168,25.9,365,166,0.0
35,3,52,8,147,1.5,0,1,0,0,5,0,0,0,0,0,0,0,29,22.4,451,193,35.2,357,181,15.0,402,185,7.2,431,189,0.0
35,3,51,69,1815,13.5,2,1,0,3,42,0,0,0,1,0,0,3,234,290.0,238,99,388.2,90,63,319.0,120,69,99.9,147,83,0.1
35,2,44,79,2583,18.0,3,1,1,5,53,0,0,0,4,0,0,3,429,675.4,56,17,82.3,303,90,252.0,160,25,101.0,145,32,0.3
35,3,46,33,1486,7.2,0,0,0,1,42,1,0,0,2,0,0,0,196,152.4,334,143,102.4,264,153,13.0,405,187,26.7,363,164,0.0
35,2,41,6,90,1.5,0,0,0,1,0,0,0,0,0,0,0,0,24,19.6,454,169,0.3,472,181,0.0,527,213,2.0,474,175,0.1
35,4,51,5,135,1.0,0,0,0,0,5,0,0,0,0,0,0,0,10,20.0,453,55,3.9,444,64,26.0,383,59,5.0,450,59,0.1
35,4,48,0,0,0.0,0,0,0,0,0,0,0,0,0,0,0,0,0,0.0,686,83,0.0,680,85,0.0,673,86,0.0,689,86,0.0
35,1,46,140,3330,30.4,0,1,3,6,74,0,1,0,1,0,166,19,768,1213.6,3,1,10.0,422,8,0.0,650,64,122.4,98,1,3.0
35,2,44,76,2234,17.3,0,2,0,6,36,0,0,0,0,0,0,8,402,440.2,169,66,343.8,112,24,154.0,231,64,93.7,161,40,0.1
35,2,48,51,2779,10.6,2,1,0,1,71,0,0,0,3,1,0,2,342,574.8,88,32,88.3,291,82,202.0,185,40,86.4,189,49,0.2
35,3,45,0,0,0.0,0,0,0,0,0,0,0,0,0,0,0,0,0,0.0,622,239,0.0,611,238,0.0,597,233,0.0,628,241,0.0
35,3,46,5,114,1.1,0,0,0,0,3,0,0,0,0,0,0,0,15,13.0,471,198,12.8,407,194,39.0,365,175,6.4,441,193,0.0
35,2,45,79,2931,17.6,1,3,0,6,63,1,0,0,5,0,0,2,393,474.4,150,59,275.0,147,31,276.0,149,21,102.7,138,29,0.2
35,3,48,3,61,0.6,0,0,0,0,2,0,0,0,0,0,0,0,16,20.0,452,194,0.5,470,212,0.0,679,283,2.0,477,202,0.0
35,2,42,41,2099,9.8,0,0,0,3,51,0,0,0,3,0,0,1,288,439.8,170,67,71.2,322,102,44.0,360,131,55.8,268,89,0.2
35,3,43,2,30,0.5,0,0,0,0,2,0,0,0,0,0,0,0,7,6.0,479,201,2.3,447,202,7.0,420,196,1.6,485,203,0.3
35,3,56,14,528,2.5,0,0,0,0,14,0,0,0,2,0,0,0,76,76.4,394,167,56.0,338,176,75.0,322,160,20.7,382,174,0.1
35,3,50,39,1230,7.8,1,0,0,1,33,0,0,0,0,0,0,0,113,169.4,319,138,102.3,265,154,162.0,218,112,43.4,312,142,0.2
35,3,54,153,2574,28.3,11,7,4,6,58,0,0,0,2,1,0,15,565,744.0,38,13,873.6,15,11,661.0,53,31,227.9,21,13,5.0
35,2,43,0,0,0.0,0,0,0,0,0,0,0,0,0,0,0,0,0,0.0,587,226,0.0,571,227,0.0,552,221,0.0,595,226,0.0
35,2,44,20,764,4.5,0,0,0,2,19,0,0,0,2,0,0,0,120,117.8,357,138,12.7,409,154,61.0,340,119,19.1,388,138,0.1
35,3,55,71,2530,12.9,2,2,0,5,48,0,0,0,11,0,0,3,322,437.2,171,64,320.1,124,84,276.0,151,89,103.2,137,78,0.1
35,3,49,17,541,3.5,0,0,0,1,11,0,0,0,0,0,0,0,97,74.4,395,168,103.6,260,151,50.0,351,170,22.8,371,170,0.0
35,4,56,41,1120,7.3,1,0,0,3,26,0,0,0,1,0,0,3,104,93.0,383,46,63.8,330,50,259.0,156,43,41.2,319,47,0.0
35,2,39,2,228,0.5,0,0,0,0,8,0,0,0,1,0,0,0,25,45.6,422,157,20.3,387,144,0.0,461,175,6.7,437,160,0.1
35,4,45,0,0,0.0,0,0,0,0,0,0,0,0,0,0,0,0,0,0.0,666,79,0.0,656,81,0.0,646,82,0.0,669,82,0.1
35,1,40,0,0,0.0,0,0,0,0,0,0,0,0,0,0,0,0,0,0.0,528,49,0.0,504,21,0.0,480,16,0.0,537,49,0.0
35,4,60,57,1188,9.5,3,5,0,4,17,0,0,0,2,0,0,3,134,180.0,304,34,130.8,239,36,346.0,111,37,65.2,250,37,0.3
35,3,45,34,1316,7.6,0,1,0,4,20,0,0,0,4,0,0,0,195,200.0,289,124,88.6,290,164,91.0,294,146,38.0,331,146,0.0
35,2,40,0,0,0.0,0,0,0,0,0,0,0,0,0,0,0,0,0,0.0,561,215,0.0,540,215,0.0,517,205,0.0,570,215,0.0
35,3,45,0,0,0.0,0,0,0,0,0,0,0,0,0,0,0,0,0,0.0,642,255,0.0,631,254,0.0,619,250,0.0,646,256,0.0
35,3,45,0,0,0.0,0,0,0,0,0,0,0,0,0,0,0,0,0,0.0,646,258,0.0,635,257,0.0,624,254,0.0,650,259,0.0
35,3,45,0,0,0.0,0,0,0,0,0,0,0,0,0,0,0,0,0,0.0,662,270,0.0,652,270,0.0,642,268,0.0,665,270,0.0
21,3,66,106,1423,16.1,9,5,4,4,19,0,0,1,3,0,0,15,332,487.0,141,52,288.2,142,93,530.0,62,36,130.4,86,52,29.6
21,3,45,27,701,6.0,0,0,0,0,15,0,0,0,1,0,0,0,132,80.4,389,165,88.6,289,163,7.0,421,197,17.6,396,176,0.3
21,1,39,0,0,0.0,0,0,0,0,0,0,0,0,0,0,0,0,0,0.0,512,42,0.0,487,13,0.0,460,8,0.0,521,42,5.3
21,1,43,10,270,2.3,0,0,0,1,3,0,0,0,0,0,6,0,46,46.2,421,31,0.0,555,45,0.0,536,41,4.7,451,31,0.2
21,1,50,133,3150,26.6,0,0,1,10,44,0,1,0,2,0,102,11,634,745.2,37,12,0.0,692,73,0.0,689,72,74.4,221,12,3.2
21,2,47,100,2492,21.3,3,0,2,9,34,0,0,0,5,0,0,5,461,489.8,139,53,56.4,337,112,244.0,162,27,79.1,206,59,0.8
21,1,45,0,0,0.0,0,0,0,0,0,0,0,0,0,0,0,0,0,0.0,620,79,0.0,606,62,0.0,592,58,0.0,626,79,0.0
21,3,49,0,0,0.0,0,0,0,0,0,0,0,0,0,0,0,0,0,0.0,694,285,0.0,688,285,0.0,684,284,0.0,697,285,0.0
21,2,57,153,3170,26.8,0,11,3,11,41,0,0,0,3,0,0,21,730,669.4,59,20,898.6,12,4,96.0,291,95,166.8,53,5,18.2
21,3,55,17,362,3.1,0,1,0,1,7,0,0,0,3,0,0,0,47,50.6,419,180,80.3,306,169,106.0,278,138,23.5,370,169,0.1
21,4,67,118,1972,17.6,10,5,2,6,25,0,0,0,3,0,0,19,345,517.8,117,14,349.1,109,13,1038.0,17,11,190.1,40,12,10.9
21,2,42,28,564,6.7,1,1,0,1,9,0,0,0,2,0,0,0,127,155.2,330,127,166.8,210,52,96.0,289,94,41.9,315,107,0.2
21,3,64,28,556,4.4,1,1,0,1,5,0,0,0,1,0,0,0,117,121.4,353,150,153.0,220,132,102.0,282,140,37.5,335,149,0.1
21,3,61,2,2,0.3,0,0,0,0,0,0,0,0,0,0,0,0,8,2.4,493,207,0.4,471,213,2.0,451,206,0.5,498,210,0.1
21,4,61,41,932,6.7,3,0,0,3,12,0,0,0,0,0,0,4,113,169.6,318,36,131.6,238,35,361.0,105,36,66.2,245,36,0.2
21,2,43,42,1006,9.8,0,2,1,4,15,0,0,0,2,0,0,4,209,187.4,299,115,200.5,194,46,62.0,338,117,45.0,305,102,0.4
21,2,41,39,1197,9.5,1,0,0,4,19,0,0,0,1,1,0,0,193,260.8,257,98,9.0,426,159,79.0,315,105,35.0,337,120,0.6
21,4,55,0,0,0.0,0,0,0,0,0,0,0,0,0,0,0,0,0,0.0,706,87,0.0,707,89,0.0,707,90,0.0,709,90,0.0
21,3,58,141,2556,24.3,8,6,4,9,33,0,0,0,0,0,0,8,434,529.8,109,39,493.5,60,45,812.0,36,19,183.7,44,28,2.5
21,4,55,0,0,0.0,0,0,0,0,0,0,0,0,0,0,0,0,0,0.0,707,88,0.0,708,90,0.0,708,91,0.0,710,91,0.0
21,3,47,86,2880,18.3,2,1,0,11,37,0,0,1,2,0,0,2,520,561.2,91,30,343.8,113,76,303.0,130,75,121.3,100,59,1.8
21,3,52,147,3420,28.3,10,2,4,11,47,1,0,0,7,1,0,16,555,889.8,10,5,271.1,150,99,925.0,25,11,208.8,30,21,11.2
21,3,58,125,2571,21.6,5,7,1,9,33,0,0,0,3,0,0,10,430,491.8,138,51,441.3,73,52,631.0,55,33,156.5,62,35,0.5
21,2,43,42,1379,9.8,2,0,1,2,22,1,0,0,3,0,0,1,234,375.6,197,78,17.4,397,149,48.0,353,126,44.3,307,103,0.6
21,2,39,25,516,6.4,1,0,0,1,10,0,0,0,1,0,0,0,104,98.0,379,148,63.7,331,108,28.0,379,140,18.9,389,139,2.2
21,2,48,128,3054,26.7,0,9,1,9,43,0,0,0,3,0,0,12,625,693.8,50,12,670.9,33,8,220.0,177,36,158.7,61,9,8.6
21,2,45,75,1925,16.7,3,0,2,7,25,2,0,0,3,1,0,3,336,433.6,174,68,30.2,369,131,219.0,178,37,68.4,237,76,0.9
21,3,59,73,1376,12.4,1,6,0,3,19,0,0,0,0,0,0,4,255,301.0,230,95,371.9,98,70,371.0,99,58,104.6,132,75,0.4
21,2,40,0,0,0.0,0,0,0,0,0,0,0,0,0,0,0,0,0,0.0,565,219,0.0,544,219,0.0,521,209,0.0,574,219,0.0
21,4,45,0,0,0.0,0,0,0,0,0,0,0,0,0,0,0,0,0,0.0,655,76,0.0,644,78,0.0,635,79,0.0,659,79,0.0
21,3,45,0,0,0.0,0,0,0,0,0,0,0,0,0,0,0,0,0,0.0,632,247,0.0,622,246,0.0,608,241,0.0,637,248,0.0
21,2,40,0,0,0.0,0,0,0,0,0,0,0,0,0,0,0,0,0,0.0,558,213,0.0,537,213,0.0,514,203,0.0,567,213,0.0
21,1,40,0,0,0.0,0,0,0,0,0,0,0,0,0,0,0,0,0,0.0,541,57,0.0,519,31,0.0,496,27,0.0,550,57,0.0
39,1,43,4,91,0.9,0,0,0,0,1,0,0,0,0,0,3,0,19,25.4,446,34,0.0,553,43,0.0,534,39,2.5,466,35,0.2
39,3,51,73,2526,14.3,1,1,0,6,40,0,0,0,3,1,0,4,446,478.4,146,54,726.9,24,20,113.0,272,135,132.2,84,51,0.8
39,1,53,132,3330,24.9,0,0,0,10,51,0,1,0,1,0,100,12,626,763.6,30,11,0.0,702,76,0.0,701,74,76.1,215,11,4.6
39,2,44,0,0,0.0,0,0,0,0,0,0,0,0,0,0,0,0,0,0.0,598,231,0.0,583,232,0.0,565,227,0.0,606,231,0.1
39,2,54,68,1879,12.6,1,1,0,6,29,0,0,0,2,0,0,4,364,414.0,178,70,46.1,347,120,182.0,200,51,64.2,254,83,1.1
39,2,49,106,3303,21.6,1,0,0,10,51,0,0,0,5,0,0,7,606,692.2,51,13,40.1,351,123,85.0,304,100,82.0,199,55,6.3
39,4,81,43,824,5.3,4,1,0,4,10,1,0,0,0,0,0,7,148,177.4,310,35,96.2,279,44,275.0,152,41,55.0,274,40,4.4
39,2,49,99,2407,20.2,3,0,2,8,40,0,0,0,2,0,0,11,466,584.6,79,28,101.2,268,73,347.0,110,11,103.4,136,28,5.8
39,2,54,16,496,3.0,0,0,0,1,4,0,0,0,0,0,0,1,58,61.0,410,155,31.8,365,129,14.0,403,154,10.8,417,155,0.0
39,4,48,0,0,0.0,0,0,0,0,0,0,0,0,0,0,0,0,0,0.0,688,85,0.0,682,87,0.0,676,88,0.0,691,88,0.1
39,3,46,77,2498,16.7,1,2,0,11,33,1,0,0,4,0,0,2,330,386.4,192,75,261.4,160,104,343.0,112,64,99.2,148,84,0.6
39,3,60,94,2640,15.7,2,4,0,7,41,0,0,0,4,0,0,5,359,475.4,149,56,751.0,23,19,645.0,54,32,187.2,42,26,5.3
39,3,51,104,2670,20.4,5,1,1,8,42,0,0,0,8,0,0,10,502,697.2,48,17,455.0,69,50,445.0,81,47,159.9,60,34,1.4
39,2,39,1,22,0.3,0,0,0,0,0,0,0,0,0,0,0,0,2,0.6,504,185,0.5,468,180,0.0,468,178,0.1,513,185,1.4
39,3,53,75,1661,14.2,3,2,0,8,24,0,0,0,3,0,0,5,240,285.6,240,101,322.0,122,83,456.0,78,46,106.2,127,72,0.9
39,2,38,58,1307,15.3,0,1,1,5,11,0,0,0,4,0,0,8,258,249.6,265,102,67.4,326,105,78.0,318,107,39.4,326,115,5.9
39,2,41,1,172,0.2,0,0,0,0,7,0,0,0,0,0,0,0,24,31.2,438,164,25.3,382,139,0.0,529,215,5.7,448,166,0.7
39,1,44,0,0,0.0,0,0,0,0,0,0,0,0,0,0,0,0,0,0.0,604,76,0.0,592,59,0.0,574,55,0.0,612,76,0.1
39,3,49,22,407,4.5,1,0,0,0,6,0,0,0,1,0,0,3,87,85.0,385,163,112.8,252,148,114.0,270,134,31.3,353,159,0.0
39,3,55,124,2549,22.5,5,8,1,9,38,0,0,0,4,0,0,10,492,594.2,73,22,1007.3,10,7,722.0,46,26,232.5,19,12,3.7
39,3,43,0,0,0.0,0,0,0,0,0,0,0,0,0,0,0,0,0,0.0,593,220,0.0,578,220,0.0,559,211,0.0,601,223,0.2
39,4,47,0,0,0.0,0,0,0,0,0,0,0,0,0,0,0,0,0,0.0,680,81,0.0,672,83,0.0,665,84,0.0,683,84,0.3
39,4,52,72,1352,13.8,4,3,0,0,29,0,0,0,2,0,0,5,198,238.2,271,30,166.1,211,32,758.0,42,20,114.9,111,26,1.0
39,2,47,19,618,4.0,0,0,0,1,9,0,0,0,2,0,0,0,104,102.6,374,144,61.7,333,109,13.0,406,155,17.9,394,143,0.1
39,3,47,26,509,5.5,0,1,0,0,8,0,0,0,0,0,0,0,112,80.0,390,166,179.0,207,126,72.0,323,161,33.3,345,155,0.0
39,2,44,13,573,3.0,0,0,0,0,11,0,0,0,1,0,0,0,80,100.4,377,146,59.7,334,110,26.0,381,142,18.7,390,140,0.0
39,2,51,109,2983,21.4,1,3,0,9,45,1,0,0,5,0,0,11,548,595.2,72,26,412.9,82,18,297.0,135,16,130.7,85,14,2.9
39,3,44,0,0,0.0,0,0,0,0,0,0,0,0,0,0,0,0,0,0.0,607,229,0.0,595,229,0.0,577,220,0.0,615,232,0.0
39,2,50,54,1400,10.8,1,1,1,3,23,0,0,0,1,0,0,6,264,243.2,269,104,234.5,177,38,196.0,193,46,67.4,242,79,0.2
39,3,45,9,185,2.0,0,1,0,0,6,0,0,0,1,0,0,0,33,38.2,427,181,25.9,381,189,34.0,370,177,9.8,421,183,0.0
39,3,44,1,8,0.2,0,0,0,0,0,0,0,0,0,0,0,0,5,9.0,478,200,15.1,401,191,0.0,582,225,2.4,469,199,0.0
39,3,44,0,0,0.0,0,0,0,0,0,0,0,0,0,0,0,0,0,0.0,608,230,0.0,596,230,0.0,578,221,0.0,616,233,0.0
39,3,45,0,0,0.0,0,0,0,0,0,0,0,0,0,0,0,0,0,0.0,638,253,0.0,628,252,0.0,614,247,0.0,643,254,0.0
39,2,40,0,0,0.0,0,0,0,0,0,0,0,0,0,0,0,0,0,0.0,551,208,0.0,530,208,0.0,507,198,0.0,560,208,0.0
39,2,39,0,0,0.0,0,0,0,0,0,0,0,0,0,0,0,0,0,0.0,526,197,0.0,502,196,0.0,478,186,0.0,535,197,0.1
39,1,40,0,0,0.0,0,0,0,0,0,0,0,0,0,0,0,0,0,0.0,556,63,0.0,535,37,0.0,512,33,0.0,565,63,0.2
39,4,59,2,23,0.3,0,0,0,0,0,0,0,0,0,0,0,0,5,0.0,710,90,0.0,711,91,4.0,436,68,0.2,511,70,0.0
39,2,39,0,0,0.0,0,0,0,0,0,0,0,0,0,0,0,0,0,0.0,524,195,0.0,500,194,0.0,476,184,0.0,533,195,0.0
39,4,68,40,1106,5.9,1,1,0,5,13,0,0,0,0,0,0,3,131,89.6,384,47,165.9,212,33,256.0,157,44,50.9,288,41,0.2
39,2,40,0,0,0.0,0,0,0,0,0,0,0,0,0,0,0,0,0,0.0,567,220,0.0,546,220,0.0,523,210,0.0,576,220,0.0
